nflId,collegeName,officialPosition,displayName,Age,Altura,Peso
25511,Michigan,QB,Tom Brady,46,193,101
28963,"Miami, O.",QB,Ben Roethlisberger,41,195,108
29550,Arkansas,T,Jason Peters,41,193,147
29851,California,QB,Aaron Rodgers,40,187,101
30078,Harvard,QB,Ryan Fitzpatrick,40,187,102
30842,UCLA,TE,Marcedes Lewis,38,198,120
30869,Louisiana State,T,Andrew Whitworth,41,200,148
33084,Boston College,QB,Matt Ryan,37,193,97
33107,Virginia Tech,T,Duane Brown,37,193,141
33130,California,WR,DeSean Jackson,37,154,78
33131,Miami,DE,Calais Campbell,37,203,135
33138,Michigan,QB,Chad Henne,38,190,99
33241,San Diego,QB,Josh Johnson,36,190,98
33566,Texas Tech,WR,Danny Amendola,38,154,83
34452,Georgia,QB,Matthew Stafford,34,190,99
34457,Alabama,T,Andre Smith,36,193,148
34465,Ohio State,SS,Malcolm Jenkins,35,182,91
34472,California,C,Alex Mack,37,193,139
34540,South Carolina,TE,Jared Cook,35,195,114
34654,Rutgers,FS,Jason McCourty,35,154,87
34777,Troy,NT,Steve McLendon,37,190,139
34843,Michigan State,QB,Brian Hoyer,37,187,96
35441,Nebraska,DE,Ndamukong Suh,35,193,140
35442,Oklahoma,DT,Gerald McCoy,35,193,135
35443,Oklahoma,T,Trent Williams,34,195,144
35446,Florida,CB,Joe Haden,33,154,87
35449,California,DE,Tyson Alualu,35,190,136
35452,Michigan,DE,Brandon Graham,35,187,119
35454,South Florida,DE,Jason Pierre-Paul,34,195,123
35459,Alabama,SS,Kareem Jackson,34,154,83
35462,Iowa,T,Bryan Bulaga,34,195,141
35466,Rutgers,FS,Devin McCourty,35,154,87
35470,Texas Christian,DE,Jerry Hughes,34,187,114
35472,Indiana,G,Rodger Saffold,34,195,146
35481,Arizona,TE,Rob Gronkowski,33,198,119
35485,East Carolina,NT,Linval Joseph,34,193,148
35493,Florida,OLB,Carlos Dunlap,34,198,128
35521,Southern Methodist,WR,Emmanuel Sanders,36,154,81
35522,Kentucky,DT,Corey Peters,34,190,150
35527,Citadel,WR,Andre Roberts,34,154,87
35534,Miami,TE,Jimmy Graham,36,200,119
35539,Southern California,DE,Everson Griffen,35,190,122
35562,Louisiana State,DT,Al Woods,35,193,148
35634,Central Michigan,WR,Antonio Brown,34,154,83
36712,Rice,FS,Andrew Sendejo,35,185,94
36785,Texas State,T,Ty Nsekhe,37,203,148
37075,Texas A&amp;M,OLB,Von Miller,33,190,112
37077,Georgia,WR,A.J. Green,34,193,94
37078,Louisiana State,CB,Patrick Peterson,32,185,91
37079,Alabama,WR,Julio Jones,33,190,99
37082,Southern California,T,Tyron Smith,32,195,144
37083,Missouri,QB,Blaine Gabbert,33,193,105
37084,Wisconsin,DE,J.J. Watt,34,195,129
37087,North Carolina,OLB,Robert Quinn,32,193,115
37089,Purdue,DE,Ryan Kerrigan,34,193,119
37090,Colorado,T,Nate Solder,34,203,146
37097,California,DE,Cameron Jordan,33,193,129
37100,Colorado,CB,Jimmy Smith,34,187,94
37101,Alabama,RB,Mark Ingram,33,175,96
37104,Ohio State,DT,Cameron Heyward,33,195,132
37110,Texas Christian,QB,Andy Dalton,35,187,99
37112,Pittsburgh,DE,Jabaal Sheard,33,190,120
37118,Notre Dame,TE,Kyle Rudolph,33,198,119
37130,Florida State,C,Rodney Hudson,33,187,141
37139,Kentucky,WR,Randall Cobb,32,154,86
37145,Georgia,OLB,Justin Houston,34,190,121
37174,Mississippi State,OLB,K.J. Wright,33,193,110
37179,Tennessee,TE,Luke Stocker,34,195,113
37200,Eastern Washington,RB,Taiwan Jones,34,182,87
37213,Texas Christian,T,Marcus Cannon,34,198,150
37229,Stanford,CB,Richard Sherman,34,190,87
37234,Marshall,TE,Lee Smith,35,198,119
37240,Mississippi State,OLB,Pernell McPhee,34,190,119
37255,Virginia Tech,QB,Tyrod Taylor,34,185,96
37266,Cincinnati,C,Jason Kelce,35,190,132
37308,Arizona State,DT,Lawrence Guy,33,193,141
37317,Southern California,MLB,Malcolm Smith,33,182,101
37724,Kansas,CB,Chris Harris,33,154,89
37737,"Monmouth, N.J.",WR,Chris Hogan,35,185,94
37778,Auburn,ILB,Josh Bynes,33,185,105
37792,Central Michigan,LB,Nick Bellore,33,185,112
37841,Troy,DE,Mario Addison,35,190,117
38538,Texas A&amp;M,QB,Ryan Tannehill,34,193,93
38540,South Carolina,CB,Stephon Gilmore,32,185,90
38542,Mississippi State,DT,Fletcher Cox,32,193,139
38544,Louisiana State,DE,Michael Brockers,32,195,137
38547,Alabama,CB,Dre Kirkpatrick,33,187,85
38548,South Carolina,OLB,Melvin Ingram,33,187,111
38551,Syracuse,OLB,Chandler Jones,33,195,119
38553,Iowa,T,Riley Reiff,35,198,137
38555,Alabama,OLB,Dont'a Hightower,32,190,117
38556,Illinois,DE,Whitney Mercilus,32,193,116
38557,Wisconsin,G,Kevin Zeitler,32,193,141
38559,Notre Dame,SS,Harrison Smith,34,187,96
38569,North Alabama,CB,Janoris Jenkins,34,154,85
38577,Utah State,MLB,Bobby Wagner,32,182,108
38578,Illinois,SS,Tavon Wilson,33,182,93
38588,Nebraska,ILB,Lavonte David,33,185,104
38592,Vanderbilt,CB,Casey Hayward,33,154,86
38605,Wisconsin,QB,Russell Wilson,34,154,96
38606,"Miami, O.",G,Brandon Brooks,33,195,150
38607,Arkansas State,ILB,Demario Davis,33,187,111
38613,Rutgers,WR,Mohamed Sanu,33,187,96
38619,"Regina, Can.",DT,Akiem Hicks,33,193,158
38622,Florida International,WR,T.Y. Hilton,33,154,82
38629,Georgia,C,Ben Jones,34,190,138
38630,Miami,WR,Travis Benjamin,33,154,78
38632,Michigan State,QB,Kirk Cousins,34,190,90
38642,Mississippi,T,Bobby Massie,34,198,146
38667,Tennessee,DT,Malik Jackson,32,195,130
38673,Coastal Carolina,CB,Josh Norman,35,182,90
38681,Washington,G,Senio Kelemete,32,190,135
38696,California,WR,Marvin Jones,32,187,89
38707,Presbyterian,FS,Justin Bethel,32,182,90
38718,Kentucky,ILB,Danny Trevathan,33,182,107
38779,Southern Methodist,T,Kelvin Beachum,33,190,138
38843,Virginia,FS,Rodney McLeod,32,154,87
38868,Wyoming,FS,Tashaun Gipson,32,185,95
38937,Houston,QB,Case Keenum,35,185,96
38947,Southern Methodist,WR,Cole Beasley,33,172,78
39008,Wagner,OLB,Julian Stanford,33,185,103
39109,Beloit,TE,Derek Carrier,32,190,108
39146,Oregon State,T,Mike Remmers,33,195,139
39212,Mississippi,RB,Brandon Bolden,33,154,99
39646,Utah,WR,Josh Gordon,31,190,101
39684,Pennsylvania,G,Greg Van Roten,33,190,137
39907,California-Irvine,TE,Darren Fells,36,200,121
39908,"California, Pa.",FS,Erik Harris,33,187,99
39941,Southern Methodist,FS,Chris Banjo,33,154,93
39947,Central Michigan,T,Eric Fisher,31,200,141
39950,Oklahoma,T,Lane Johnson,32,198,142
39954,West Virginia,WR,Tavon Austin,33,172,80
39959,Missouri,DT,Sheldon Richardson,32,190,132
39960,Utah,DT,Star Lotulelei,33,187,143
39965,Syracuse,G,Justin Pugh,32,195,139
39968,Washington,CB,Desmond Trufant,32,182,85
39971,Florida State,CB,Xavier Rhodes,32,185,98
39973,Clemson,WR,DeAndre Hopkins,30,185,95
39975,Tennessee,RB,Cordarrelle Patterson,32,187,107
39976,Georgia,ILB,Alec Ogletree,31,187,105
39983,Stanford,TE,Zach Ertz,32,195,112
39984,Mississippi State,CB,Darius Slay,32,182,85
39985,North Carolina,RB,Giovani Bernard,31,175,92
39987,West Virginia,QB,Geno Smith,32,190,99
39989,Southern California,WR,Robert Woods,30,182,86
39993,Louisiana State,ILB,Kevin Minter,33,182,110
39996,Michigan State,RB,Le'Veon Bell,31,185,101
39997,Ohio State,NT,Johnathan Hankins,30,190,153
39998,Florida,OLB,Jon Bostic,31,185,110
40000,Southern Mississippi,OLB,Jamie Collins,33,190,114
40001,Southern Methodist,DT,Margus Hunt,35,203,132
40008,Southeastern Louisiana,CB,Robert Alford,35,154,83
40011,Cincinnati,TE,Travis Kelce,33,195,117
40017,Louisiana State,SS,Tyrann Mathieu,30,175,85
40020,Kent State,G,Brian Winters,31,193,144
40021,North Carolina State,QB,Mike Glennon,33,200,101
40023,Arkansas-Pine Bluff,T,Terron Armstead,31,195,136
40024,California,WR,Keenan Allen,30,187,94
40026,Texas,WR,Marquise Goodwin,32,175,80
40030,Georgia,NT,John Jenkins,33,190,147
40031,Rutgers,FS,Logan Ryan,31,154,87
40039,Rutgers,SS,Duron Harmon,32,185,92
40042,Missouri Southern,NT,Brandon Williams,34,185,151
40051,Texas,DE,Alex Okafor,31,193,117
40070,Cornell,C,J.C. Tretter,31,193,138
40074,Michigan State,DE,William Gholston,31,198,126
40077,Ohio State,DE,John Simon,32,187,117
40078,Harvard,FB,Kyle Juszczyk,31,185,108
40089,Virginia,G,Oday Aboushi,31,195,141
40092,Oklahoma,WR,Kenny Stills,30,185,90
40095,Buffalo,OLB,Steven Means,32,190,118
40096,Iowa State,OLB,A.J. Klein,31,185,108
40107,Iowa,FS,Micah Hyde,32,182,88
40124,San Jose State,G,David Quessenberry,32,195,139
40129,Central Florida,RB,Latavius Murray,33,190,103
40138,Nebraska,RB,Rex Burkhead,33,154,96
40149,Connecticut,TE,Ryan Griffin,32,198,114
40151,Colorado State-Pueblo,C,Ryan Jensen,31,193,143
40166,Oregon State,SS,Jordan Poyer,31,182,85
40171,Samford,DE,Nicholas Williams,33,193,139
40253,Florida,DE,Lerentee McCray,32,190,112
40347,Wyoming,NT,Mike Purcell,31,190,147
40353,Northern Illinois,CB,Rashaan Melvin,34,187,88
40416,Alabama-Birmingham,T,Christopher Hubbard,31,193,132
40463,Pennsylvania,OLB,Brandon Copeland,32,190,118
40488,Minn. State-Mankato,WR,Adam Thielen,32,187,90
40608,Alabama,NT,Damion Square,33,187,131
40615,Wisconsin-Milwaukee,TE,Demetrius Harris,31,200,103
40621,Kansas,SS,Bradley McDougald,32,185,96
40641,Western Kentucky,TE,Jack Doyle,32,198,117
40688,Central Florida,CB,A.J. Bouye,31,182,85
40825,Idaho,OLB,Benson Mayowa,32,190,119
41069,Iowa,C,James Ferentz,33,187,135
41222,Army,T,Alejandro Villanueva,34,205,144
41227,South Carolina,DE,Jadeveon Clowney,30,195,114
41230,Clemson,WR,Sammy Watkins,29,185,94
41231,Buffalo,OLB,Khalil Mack,32,190,121
41232,Texas A&amp;M,T,Jake Matthews,30,195,139
41233,Texas A&amp;M,WR,Mike Evans,29,195,103
41235,UCLA,OLB,Anthony Barr,31,195,114
41236,North Carolina,TE,Eric Ebron,29,193,113
41237,Michigan,T,Taylor Lewan,31,200,139
41238,Louisiana State,WR,Odell Beckham,30,154,89
41239,Pittsburgh,DT,Aaron Donald,31,185,126
41240,Virginia Tech,CB,Kyle Fuller,31,154,87
41242,Notre Dame,G,Zack Martin,32,193,141
41243,Alabama,ILB,C.J. Mosley,30,187,112
41246,Oregon State,WR,Brandin Cooks,29,154,82
41249,Auburn,DE,Dee Ford,32,187,113
41251,Texas Christian,CB,Jason Verrett,31,154,84
41256,Northern Illinois,FS,Jimmie Ward,31,154,86
41257,Ohio State,CB,Bradley Roby,31,154,87
41258,Louisville,QB,Teddy Bridgewater,30,187,96
41262,UCLA,G,Xavier Su'a-Filo,32,193,139
41263,Boise State,DE,Demarcus Lawrence,30,190,119
41264,Nevada,G,Joel Bitonio,31,193,144
41265,Fresno State,QB,Derek Carr,31,190,94
41269,Brigham Young,OLB,Kyle Van Noy,31,190,112
41270,Florida State,SS,Lamarcus Joyner,32,172,83
41279,Georgia Tech,OLB,Jeremiah Attaochu,30,190,113
41282,Fresno State,WR,Davante Adams,30,185,96
41286,Ohio State,RB,Carlos Hyde,32,182,103
41290,Penn State,WR,Allen Robinson,29,187,99
41291,Eastern Illinois,QB,Jimmy Garoppolo,32,187,101
41292,Louisiana State,WR,Jarvis Landry,30,154,88
41293,Missouri,C,Justin Britt,31,198,141
41295,Virginia,T,Morgan Moses,32,198,148
41296,North Dakota State,T,Billy Turner,31,195,139
41300,Iowa,OLB,Christian Kirksey,30,187,105
41308,Florida State,SS,Terrence Brooks,31,154,92
41310,Mississippi State,G,Gabe Jackson,31,190,151
41320,Pittsburg State,WR,John Brown,33,154,80
41321,Louisiana State,G,Trai Turner,29,190,141
41322,Miami,G,Brandon Linder,31,198,141
41324,Michigan,G,Michael Schofield,32,198,135
41325,Georgia Southern,RB,Jerick McKinnon,31,175,92
41327,California,TE,Richard Rodgers,31,193,115
41331,Clemson,CB,Bashaud Breeland,31,154,87
41332,Florida State,RB,Devonta Freeman,31,172,92
41336,Louisiana Tech,DT,Justin Ellis,32,187,157
41338,Duke,CB,Ross Cockrell,31,182,85
41341,Penn State,DT,DaQuan Jones,31,193,144
41348,Iowa,ILB,Anthony Hitchens,30,182,105
41349,Virginia Tech,TE,Logan Thomas,32,198,112
41356,Lindenwood,CB,Pierre Desir,32,185,86
41358,North Carolina State,CB,Dontae Johnson,32,187,90
41359,Wisconsin,RB,James White,31,154,92
41361,Boston College,OLB,Kevin Pierre-Louis,31,182,103
41362,Utah State,CB,Nevin Lawson,31,175,86
41363,Virginia,DE,Brent Urban,31,200,135
41376,Purdue,SS,Ricardo Allen,31,175,83
41387,Princeton,DT,Caraun Reid,31,187,131
41390,Ohio State,C,Corey Linsley,31,190,135
41403,Southern California,OLB,Devon Kennard,31,190,115
41436,Boise State,C,Matt Paradis,33,190,135
41448,Ohio,CB,T.J. Carrie,32,182,91
41449,Connecticut,DE,Shamar Stephen,32,195,139
41464,Illinois State,DE,Shelby Harris,31,187,130
41475,Boise State,T,Charles Leno,31,190,137
41483,Oregon,CB,Terrance Mitchell,30,154,85
41500,Ball State,WR,Willie Snead,30,154,92
41502,Brigham Young,FS,Daniel Sorensen,32,187,93
41506,Georgia State,WR,Albert Wilson,30,175,87
41532,North Carolina,T,James Hurst,31,195,139
41563,Kansas State,T,Cornelius Lucas,31,203,147
41595,Colorado State-Pueblo,NT,Mike Pennel,31,193,149
41599,South Carolina State,ILB,Joe Thomas,31,185,104
41619,Texas,C,Trey Hopkins,30,190,142
41630,Central Florida,C,Justin McCray,30,190,142
41665,Clemson,G,Tyler Shatley,31,190,139
41667,James Madison,T,Josh Wells,32,198,137
41707,Utah State,C,Tyler Larsen,31,193,146
41712,Oklahoma,RB,Damien Williams,31,154,100
41722,Stanford,DE,Josh Mauro,32,198,130
41786,Texas Tech,DE,Kerry Hyder,32,187,121
41808,San Jose State,FB,Keith Smith,30,182,108
41915,Colorado State,OLB,Shaquil Barrett,30,187,112
41919,Delaware,DT,Zach Kerr,32,187,150
41939,Ohio State,G,Andrew Norwell,31,198,146
41947,Florida State,ILB,Christian Jones,32,190,112
41959,Bloomsburg,G,Matt Feiler,30,198,148
42030,Pittsburgh,CB,K'Waun Williams,31,175,82
42031,Mississippi State,DE,Denico Autry,32,195,128
42033,Harvard,TE,Cameron Brate,32,195,110
42051,McNeese State,WR,Diontae Spencer,31,172,76
42116,Texas,SS,Adrian Phillips,30,154,94
42302,Canisius,TE,Chris Manhertz,30,198,114
42331,No College,DE,Efe Obada,30,198,119
42344,Florida State,QB,Jameis Winston,28,193,103
42346,Florida,OLB,Dante Fowler,29,190,114
42347,Alabama,WR,Amari Cooper,28,185,94
42348,Iowa,G,Brandon Scherff,31,195,141
42349,Southern California,DT,Leonard Williams,28,195,135
42350,West Virginia,WR,Kevin White,30,190,97
42352,Miami,G,Ereck Flowers,28,198,148
42354,Michigan State,CB,Trae Waynes,30,182,85
42355,Washington,NT,Danny Shelton,29,187,155
42356,Stanford,G,Andrus Peat,29,200,142
42357,Louisville,WR,DeVante Parker,30,190,97
42358,Wisconsin,RB,Melvin Gordon,29,185,96
42360,Oregon,DE,Arik Armstead,29,200,131
42362,Florida State,T,Cameron Erving,30,195,140
42363,Southern California,WR,Nelson Agholor,29,182,89
42364,Texas A&amp;M,T,Cedric Ogbuehi,30,195,139
42365,Kentucky,OLB,Bud Dupree,29,193,121
42367,Florida,T,D.J. Humphries,29,195,138
42368,Washington,OLB,Shaq Thompson,28,182,103
42370,Connecticut,CB,Byron Jones,30,182,92
42371,Duke,G,Laken Tomlinson,30,190,140
42372,Miami,WR,Phillip Dorsett,29,154,86
42375,Texas,DT,Malcom Brown,29,187,144
42376,Alabama,SS,Landon Collins,28,182,98
42377,Penn State,T,Donovan Smith,29,198,152
42378,Florida State,DT,Mario Edwards,29,190,126
42380,Ohio State,WR,Devin Smith,31,185,89
42381,Mississippi State,OLB,Preston Smith,30,195,119
42382,Florida State,NT,Eddie Goldman,28,190,144
42386,Mississippi State,ILB,Benardrick McKinney,30,193,115
42388,UCLA,ILB,Eric Kendricks,31,182,104
42389,Samford,SS,Jaquiski Tartt,30,185,96
42390,Utah,SS,Eric Rowe,31,185,92
42391,Miami,ILB,Denzel Perryman,30,154,108
42392,Missouri,C,Mitch Morse,30,198,137
42393,Florida State,CB,Ronald Darby,29,154,86
42395,Oklahoma,DE,Jordan Phillips,30,198,153
42397,Nebraska,RB,Ameer Abdullah,29,175,91
42398,Minnesota,TE,Maxx Williams,28,193,113
42400,Wisconsin,T,Rob Havenstein,30,203,147
42401,Missouri,OLB,Markus Golden,32,190,117
42402,Colorado State,T,Ty Sambrailo,30,195,141
42403,Nebraska,DE,Randy Gregory,30,195,114
42404,Hobart,G,Ali Marpet,29,193,138
42406,Michigan,DE,Frank Clark,29,190,117
42410,South Carolina,G,A.J. Cann,32,190,146
42412,Kansas State,WR,Tyler Lockett,30,154,81
42416,Indiana,RB,Tevin Coleman,29,185,94
42419,Georgia,WR,Chris Conley,30,190,92
42421,Florida State,CB,P.J. Williams,30,182,88
42424,Louisville,G,John Miller,29,190,141
42427,Texas,ILB,Jordan Hicks,30,185,106
42428,Rutgers,TE,Tyler Kroft,30,198,112
42429,Northern Iowa,RB,David Johnson,31,185,100
42431,Louisiana State,DE,Danielle Hunter,28,195,113
42433,Iowa,NT,Carl Davis,31,195,144
42436,Stanford,DE,Henry Anderson,32,198,135
42437,Stanford,WR,Ty Montgomery,30,182,97
42441,Oregon State,CB,Steven Nelson,30,154,87
42443,Auburn,DT,Angelo Blackson,30,193,143
42444,Arkansas,OLB,Trey Flowers,29,187,119
42445,Oklahoma,T,Daryl Williams,30,198,148
42448,Duke,WR,Jamison Crowder,29,175,79
42460,Oklahoma,TE,Blake Bell,31,198,113
42465,Kentucky,OLB,Za'Darius Smith,30,193,122
42467,Louisiana State,OLB,Kwon Alexander,29,185,102
42469,South Carolina,RB,Mike Davis,30,175,99
42470,Minnesota,OLB,Damien Wilson,29,182,109
42471,Miami,G,Jon Feliciano,30,193,145
42474,Georgia Tech,G,Shaquille Mason,29,185,139
42476,Florida,C,Max Garcia,31,193,139
42477,West Virginia,G,Mark Glowinski,31,193,139
42480,Clemson,DT,Grady Jarrett,29,182,137
42485,Penn State,FS,Adrian Amos,29,182,96
42486,Southern Illinois,TE,MyCole Pruitt,31,187,109
42488,Memphis,CB,Bobby McCain,29,154,86
42489,Maryland,WR,Stefon Diggs,29,182,85
42497,Fresno State,DT,Tyeler Davison,31,187,139
42500,Auburn,TE,C.J. Uzomah,30,198,117
42503,Penn State,TE,Jesse James,28,200,112
42511,Rutgers,FB,Michael Burton,31,182,108
42512,Texas State,OLB,David Mayo,29,187,110
42516,Illinois State,TE,James O'Shaughnessy,31,193,110
42535,Arkansas,DT,Darius Philon,29,185,135
42543,Texas,FS,Quandre Diggs,30,175,88
42547,Georgia Tech,TE,Darren Waller,30,198,114
42553,Louisiana-Lafayette,DT,Christian Ringo,30,185,134
42559,Rice,NT,Christian Covington,29,187,137
42560,Southern Mississippi,DT,Rakeem Nunez-Roches,30,187,138
42565,South Florida,C,Austin Reiter,31,190,135
42569,Florida State,T,Bobby Hart,28,195,139
42587,Florida,T,Trenton Brown,29,203,171
42589,Texas,TE,Geoff Swaim,29,193,117
42593,Northwestern,QB,Trevor Siemian,31,190,99
42598,Mars Hill,G,Denzelle Good,31,195,153
42654,Louisiana State,T,La'el Collins,29,193,144
42667,Louisiana-Lafayette,DT,Justin Hamilton,29,187,141
42718,Purdue,RB,Raheem Mostert,30,154,88
42721,Texas-El Paso,TE,Eric Tomlinson,30,198,118
42765,Minn. State-Mankato,G,Chris Reed,30,193,144
42771,Marshall,ILB,Neville Hewitt,29,187,105
42794,Sacramento State,WR,DeAndre Carter,29,172,85
42810,Kansas State,C,B.J. Finney,31,193,143
42816,Oregon,CB,Troy Hill,31,154,82
42818,Wisconsin-Whitewater,WR,Jake Kumerow,31,193,94
42826,Clemson,DT,DeShawn Williams,30,185,131
42827,Tennessee,CB,Justin Coleman,29,154,85
42830,Virginia,FS,Anthony Harris,31,185,90
42831,Old Dominion,QB,Taylor Heinicke,30,185,94
42837,Texas,RB,Malcolm Brown,29,154,99
42869,Stanford,OLB,James Vaughters,29,185,114
42883,Georgia,C,David Andrews,30,190,135
42887,Auburn,OLB,Brandon King,29,187,99
42899,South Carolina,WR,Damiere Byrd,30,175,81
42901,James Madison,SS,Dean Marlowe,30,185,93
42924,Idaho,T,Jesse Davis,31,198,146
42929,Montana State,OLB,Alex Singleton,29,187,108
42935,Rice,CB,Bryce Callahan,31,175,84
42952,Appalachian State,T,Kendall Lamm,30,195,139
42954,Toledo,C,Greg Mancz,30,193,139
43010,Clemson,WR,Adam Humphries,29,154,87
43045,West Virginia,G,Quinton Spain,31,193,148
43062,Cal Poly,ILB,Nick Dzubnar,31,185,108
43079,James Madison,TE,Daniel Brown,30,195,111
43090,Western Oregon,WR,Tyrell Williams,30,193,92
43206,Penn State,TE,Ross Travis,29,198,111
43290,California,QB,Jared Goff,28,193,100
43291,North Dakota State,QB,Carson Wentz,30,195,106
43292,Ohio State,OLB,Joey Bosa,27,195,126
43293,Ohio State,RB,Ezekiel Elliott,27,182,102
43294,Florida State,CB,Jalen Ramsey,28,185,93
43295,Notre Dame,T,Ronnie Stanley,29,198,141
43296,Oregon,DT,DeForest Buckner,29,200,135
43297,Michigan State,T,Jack Conklin,28,198,138
43298,Georgia,OLB,Leonard Floyd,30,195,108
43299,Ohio State,CB,Eli Apple,27,185,91
43300,Florida,CB,Vernon Hargreaves,28,154,91
43301,Louisville,DT,Sheldon Rankins,29,187,137
43302,Mississippi,T,Laremy Tunsil,29,195,140
43303,West Virginia,SS,Karl Joseph,29,154,90
43306,Florida,MLB,Keanu Neal,27,185,97
43307,Alabama,C,Ryan Kelly,29,193,139
43308,Clemson,DE,Shaq Lawson,28,190,120
43310,Notre Dame,WR,Will Fuller,28,182,82
43312,Mississippi,WR,Laquon Treadwell,27,187,96
43313,Houston,CB,William Jackson,30,182,88
43316,UCLA,NT,Kenny Clark,27,190,141
43318,Mississippi,DT,Robert Nkemdiche,28,193,133
43319,Louisiana Tech,DT,Vernon Butler,28,193,148
43320,Texas A&amp;M,T,Germain Ifedi,29,195,146
43321,Oklahoma State,DE,Emmanuel Ogbah,29,193,123
43323,Notre Dame,MLB,Jaylon Smith,27,187,110
43324,Arkansas,TE,Hunter Henry,28,195,112
43325,UCLA,MLB,Myles Jack,28,185,109
43326,Mississippi State,DT,Chris Jones,29,198,138
43327,Baylor,CB,Xavien Howard,29,185,90
43329,Oklahoma,WR,Sterling Shepard,29,154,90
43330,Alabama,ILB,Reggie Ragland,29,187,113
43332,Penn State,NT,Austin Johnson,28,193,141
43333,Illinois,OLB,Jihad Ward,28,195,129
43334,Alabama,RB,Derrick Henry,28,190,111
43335,Alabama,DT,A'Shawn Robinson,28,193,148
43337,Indiana,T,Jason Spriggs,28,198,135
43338,Alabama,DT,Jarran Reed,30,190,137
43341,Louisiana State,ILB,Deion Jones,28,185,102
43343,Clemson,CB,Mackensie Alexander,29,154,86
43344,Pittsburgh,WR,Tyler Boyd,28,187,91
43345,Kansas State,G,Cody Whitehair,30,190,139
43346,Clemson,CB,T.J. Green,28,190,96
43347,Maryland,FS,Sean Davis,29,185,90
43350,Ohio State,SS,Vonn Bell,28,154,92
43351,Samford,CB,James Bradberry,29,185,95
43352,Georgia Tech,DE,Adam Gotsis,30,193,129
43353,Middle Tennessee,FS,Kevin Byard,29,154,95
43354,Penn State,DE,Carl Nassib,29,200,123
43356,Nebraska,DT,Maliek Collins,27,187,138
43358,Maryland,DE,Yannick Ngakoue,27,187,110
43361,Florida,DE,Jonathan Bullard,29,190,133
43362,Alabama,RB,Kenyan Drake,29,185,94
43366,West Virginia,CB,Daryl Worley,28,185,96
43367,North Carolina State,G,Joe Thuney,30,195,138
43368,Oregon State,G,Isaac Seumalo,29,193,136
43370,Stanford,TE,Austin Hooper,28,193,114
43372,Georgia,DE,Jordan Jenkins,29,190,116
43373,Virginia Tech,CB,Kendall Fuller,28,154,89
43376,Utah State,OLB,Nick Vigil,29,187,105
43377,Utah State,OLB,Kyler Fackrell,31,195,110
43378,South Carolina State,DT,Javon Hargrave,29,187,137
43380,North Carolina State,QB,Jacoby Brissett,30,193,105
43384,Michigan,G,Graham Glasgow,30,198,139
43387,Boston College,FS,Justin Simmons,29,187,90
43388,Wisconsin,ILB,Joe Schobert,29,185,110
43392,Notre Dame,DT,Sheldon Day,29,185,132
43393,Temple,CB,Tavon Young,29,175,83
43395,Minnesota,FS,Eric Murray,28,154,89
43396,Cincinnati,WR,Chris Moore,29,185,90
43397,North Carolina Central,CB,Ryan Smith,29,154,85
43399,Western Kentucky,TE,Tyler Higbee,30,198,115
43400,Southern Utah,FS,Miles Killebrew,29,187,99
43402,West Virginia,ILB,Nick Kwiatkoski,29,187,108
43404,Minnesota,ILB,De'Vondre Campbell,30,193,104
43405,Texas,DT,Hassan Ridgeway,29,190,137
43407,North Carolina State,SS,Juston Burris,29,182,95
43409,"Manitoba, Can.",DT,David Onyemata,30,193,135
43411,Baylor,DT,Andrew Billings,27,185,147
43413,Miami,SS,Deon Bush,29,182,90
43415,Florida,WR,Demarcus Robinson,28,185,91
43420,Stanford,ILB,Blake Martinez,28,187,106
43422,Louisiana State,CB,Rashard Robinson,27,185,79
43424,Mississippi State,QB,Dak Prescott,29,187,107
43425,Utah,RB,Devontae Booker,30,154,98
43426,Northwestern,DE,Dean Lowry,28,198,133
43429,Massachusetts,WR,Tajae Sharpe,28,187,87
43433,Missouri,C,Connor McGovern,29,193,137
43435,Grand Valley State,OLB,Matt Judon,30,190,117
43436,Maryland,DT,Quinton Jefferson,29,193,130
43439,Indiana,RB,Jordan Howard,29,182,100
43441,Temple,DT,Matt Ioannidis,28,190,139
43444,North Dakota State,T,Joe Haeg,29,198,134
43447,South Carolina,T,Brandon Shell,30,195,145
43453,Texas Christian,G,Halapoulivaati Vaitai,29,198,144
43454,West Alabama,WR,Tyreek Hill,29,154,83
43455,Clemson,NT,D.J. Reader,29,190,156
43456,Midwestern State,SS,Marqui Christian,28,154,93
43460,Arkansas,RB,Alex Collins,28,154,94
43461,Colorado State,WR,Rashard Higgins,28,185,89
43465,Nebraska,FB,Andy Janovich,29,185,107
43474,William &amp; Mary,FS,DeAndre Houston-Carson,29,182,90
43475,Texas Tech,WR,Jakeem Grant,30,170,76
43478,Purdue,CB,Anthony Brown,29,154,88
43484,San Jose State,G,Wes Schweitzer,29,195,141
43487,Wisconsin,FB,Derek Watt,30,187,105
43490,Arkansas,QB,Brandon Allen,30,187,94
43495,Southern Mississippi,WR,Mike Thomas,28,185,85
43497,Eastern Illinois,ILB,Kamu Grugier-Hill,28,187,103
43498,Virginia,CB,Maurice Canady,28,185,86
43503,Houston,ILB,Elandon Roberts,28,182,107
43507,USC,CB,Kevon Seymour,29,182,83
43510,Illinois,C,Ted Karras,30,193,137
43516,Vanderbilt,OLB,Stephen Weatherly,29,195,119
43522,Louisiana State,CB,Jalen Mills,28,182,85
43525,Washington,RB,Dwayne Washington,28,185,100
43533,Clemson,FS,Jayron Kearse,28,193,96
43535,Temple,MLB,Tyler Matakevich,30,185,105
43540,Oregon,ILB,Joe Walker,30,187,106
43556,Grambling State,WR,Chester Rogers,28,182,82
43584,Holy Cross,WR,Kalif Raymond,28,172,81
43586,Western Kentucky,T,George Fant,30,195,144
43616,Notre Dame,FS,Matthias Farley,30,154,94
43638,Ferris State,DT,Justin Zimmer,30,190,131
43640,Southern Mississippi,T,Rashod Hill,30,198,140
43641,Mississippi,CB,Mike Hilton,28,175,82
43645,Michigan,SS,Jarrod Wilson,28,187,94
43648,Cincinnati,T,Justin Murray,29,195,141
43663,Wisconsin,WR,Alex Erickson,30,182,87
43694,Samford,NT,Michael Pierce,30,182,153
43695,Duke,C,Matt Skura,30,190,140
43698,Mississippi,DT,Woodrow Hamilton,30,190,141
43700,Auburn,CB,Jonathan Jones,29,154,85
43712,Florida Atlantic,CB,Sharrod Neasman,31,182,89
43722,Arkansas State,RB,J.D. McKissic,29,154,87
43746,Illinois,WR,Geronimo Allison,29,190,90
43757,Connecticut,SS,Andrew Adams,30,154,90
43761,Boise State,CB,Donte Deayon,29,175,71
43775,Notre Dame,OLB,Romeo Okwara,27,193,118
43787,Texas-El Paso,DT,Roy Robertson-Harris,29,195,132
43791,Colorado State-Pueblo,DE,Morgan Fox,28,190,123
43797,Washington,OLB,Cory Littleton,29,190,102
43808,Temple,WR,Robby Anderson,29,190,85
43821,UCLA,C,Jake Brendel,30,193,134
43845,California,TE,Stephen Anderson,30,190,103
43854,Stanford,OLB,Brennan Scarlett,29,193,118
43861,Auburn,RB,Peyton Barber,29,154,101
43880,Idaho,RB,Elijhaa Penny,29,187,105
43938,Southern California,DT,Antwaun Woods,30,185,143
43971,"Augustana, S.D.",FB,C.J. Ham,29,154,105
43986,South Carolina State,CB,Antonio Hamilton,30,182,85
44003,Texas,WR,Marcus Johnson,28,185,93
44009,Pittsburgh,TE,J.P. Holtz,29,190,108
44029,Washington,WR,Jaydon Mickens,28,154,76
44045,Southern Mississippi,RB,Jalen Richard,29,172,93
44068,Duke,G,Lucas Patrick,29,190,140
44075,Air Force,TE,Garrett Griffin,28,193,108
44123,"Concordia, Minn",WR,Brandon Zylstra,29,187,96
44174,Texas Tech,ILB,Sam Eguavoen,30,185,106
44202,"Regina, Can.",CB,Tevaughn Campbell,29,182,90
44767,Louisiana State,WR,Cyril Grayson,29,175,82
44792,Virginia Commonwealth,TE,Mo Alie-Cox,29,195,120
44813,Texas A&amp;M,DE,Myles Garrett,27,193,122
44814,North Carolina,QB,Mitchell Trubisky,28,187,96
44815,Stanford,DT,Solomon Thomas,27,187,126
44816,Louisiana State,RB,Leonard Fournette,28,182,102
44817,Western Michigan,WR,Corey Davis,27,190,94
44818,Louisiana State,SS,Jamal Adams,27,185,95
44819,Clemson,WR,Mike Williams,28,193,98
44820,Stanford,RB,Christian McCaffrey,26,154,92
44821,Washington,WR,John Ross,27,154,87
44822,Texas Tech,QB,Patrick Mahomes,27,190,103
44823,Ohio State,CB,Marshon Lattimore,26,182,86
44825,Temple,OLB,Haason Reddick,28,185,105
44826,Tennessee,DE,Derek Barnett,26,190,116
44827,Ohio State,FS,Malik Hooker,27,185,95
44828,Alabama,CB,Marlon Humphrey,26,182,88
44829,Alabama,DT,Jonathan Allen,28,190,135
44830,Southern California,CB,Adoree' Jackson,27,154,83
44831,Alabama,TE,O.J. Howard,28,198,112
44832,Utah,T,Garett Bolles,30,195,135
44833,Florida,MLB,Jarrad Davis,28,185,110
44834,Missouri,OLB,Charles Harris,27,190,112
44835,Mississippi,TE,Evan Engram,29,190,108
44837,Michigan,SS,Jabrill Peppers,27,154,95
44838,UCLA,DE,Takkarist McKinley,28,187,119
44839,Louisiana State,CB,Tre'Davious White,28,154,86
44840,Michigan,DE,Taco Charlton,28,198,121
44841,Miami,TE,David Njoku,26,193,110
44842,Wisconsin,OLB,T.J. Watt,28,193,113
44844,Wisconsin,T,Ryan Ramczyk,28,198,141
44845,Washington,CB,Kevin King,27,190,90
44846,Alabama,T,Cam Robinson,27,198,144
44847,Michigan State,DT,Malik McDowell,26,198,134
44848,Washington,SS,Budda Baker,26,154,87
44849,East Carolina,WR,Zay Jones,27,187,90
44851,Florida,FS,Marcus Maye,29,182,93
44852,Ohio State,WR,Curtis Samuel,26,154,87
44853,Florida State,RB,Dalvin Cook,27,154,94
44854,Utah,FS,Marcus Williams,26,185,87
44855,Washington,CB,Sidney Jones,26,182,81
44856,South Alabama,TE,Gerald Everett,28,190,108
44857,Ashland,TE,Adam Shaheen,28,198,115
44859,Houston,OLB,Tyus Bowser,27,190,108
44860,Oklahoma,RB,Joe Mixon,26,185,99
44863,Florida State,DE,DeMarcus Walker,28,193,126
44865,Florida,FS,Teez Tabor,27,182,85
44867,Alabama,DT,Dalvin Tomlinson,29,190,143
44869,Vanderbilt,ILB,Zach Cunningham,29,190,107
44870,Louisiana State,C,Ethan Pocic,27,198,144
44871,Villanova,DE,Tanoh Kpassagnon,28,200,130
44872,Colorado,CB,Chidobe Awuzie,27,182,90
44874,Southern California,WR,JuJu Smith-Schuster,26,185,96
44875,Temple,T,Dion Dawkins,28,195,144
44876,Western Michigan,T,Taylor Moton,29,195,146
44877,North Carolina-Charlotte,DT,Larry Ogunjobi,29,190,137
44878,Colorado,CB,Ahkello Witherspoon,28,187,87
44879,Tennessee,RB,Alvin Kamara,27,154,96
44880,Illinois,DE,Dawuane Smoot,28,190,118
44881,Eastern Washington,WR,Cooper Kupp,29,187,93
44882,Ohio State,C,Pat Elflein,28,190,136
44885,Kansas State,DE,Jordan Willis,28,193,121
44886,Michigan,DE,Chris Wormley,29,195,135
44887,Louisiana State,ILB,Duke Riley,28,185,103
44888,Florida,ILB,Alex Anzalone,28,190,108
44892,Ohio,DE,Tarell Basham,29,193,119
44893,UCLA,CB,Fabian Moreau,28,182,91
44896,Penn State,WR,Chris Godwin,27,185,94
44898,Toledo,RB,Kareem Hunt,27,154,97
44902,Central Florida,CB,Shaquill Griffin,27,182,89
44903,Boston College,FS,John Johnson,27,182,94
44904,Michigan,CB,Jourdan Lewis,27,154,87
44905,Auburn,DE,Montravius Adams,27,193,136
44906,Tennessee,CB,Cameron Sutton,28,154,84
44908,Northern Illinois,WR,Kenny Golladay,30,193,95
44911,West Virginia,CB,Rasul Douglas,27,187,94
44912,Florida International,TE,Jonnu Smith,27,190,111
44915,Florida Atlantic,DE,Trey Hendrickson,28,193,121
44917,Pittsburgh,RB,James Conner,27,185,104
44922,Iowa,DT,Jaleel Johnson,28,190,142
44923,Oklahoma,WR,Dede Westbrook,29,182,79
44925,Alabama,SS,Eddie Jackson,29,182,90
44926,Miami,SS,Rayshawn Jenkins,29,185,99
44927,Oklahoma,RB,Samaje Perine,27,154,108
44930,Texas A&amp;M,WR,Josh Reynolds,28,190,88
44931,North Carolina,WR,Mack Hollins,29,193,99
44937,Tennessee,OLB,Jalen Reeves-Maybin,28,182,104
44938,Eastern Washington,DE,Samson Ebukam,27,190,110
44942,Florida,T,David Sharpe,27,198,148
44943,Bucknell,T,Julien Davenport,27,200,146
44944,Arkansas,DE,Deatrich Wise,28,195,123
44947,Brigham Young,RB,Jamaal Williams,28,182,95
44949,Oregon State,G,Sean Harlow,27,193,127
44953,Clemson,RB,Wayne Gallman,29,182,94
44955,Clemson,DE,Carlos Watkins,29,190,133
44956,South Florida,RB,Marlon Mack,26,182,94
44957,"Albany State, Ga.",DT,Grover Stewart,29,193,141
44959,Iowa,TE,George Kittle,29,193,112
44962,San Diego State,SS,Damontae Kazee,29,154,85
44964,Iowa,CB,Desmond King,28,154,90
44967,Arkansas,TE,Jeremy Sprinkle,28,195,114
44968,UCLA,ILB,Jayon Brown,28,182,101
44970,Vanderbilt,T,Will Holden,29,200,140
44971,Temple,CB,Nate Hairston,28,182,83
44972,Texas A&amp;M,G,Jermaine Eluemunor,28,193,150
44974,Northwestern,MLB,Anthony Walker,27,185,103
44975,Boise State,RB,Jeremy McNichols,27,175,92
44976,Boston College,OLB,Matt Milano,28,182,100
44978,San Diego,WR,Jamal Agnew,28,154,85
44984,Pittsburgh,QB,Nathan Peterman,28,187,101
44985,Georgia,WR,Isaiah McKenzie,27,172,77
44987,Drake,TE,Eric Saubert,29,195,113
44991,Louisiana State,NT,Davon Godchaux,28,190,139
44995,Texas-El Paso,RB,Aaron Jones,29,175,93
44999,Virginia Tech,SS,Chuck Clark,27,182,92
45004,Louisiana Tech,FS,Xavier Woods,27,154,90
45005,West Georgia,RB,Alex Armah,28,187,114
45006,Oklahoma,OLB,Jordan Evans,28,190,108
45007,Oklahoma State,DT,Vincent Taylor,28,190,139
45008,Boise State,ILB,Tanner Vallejo,28,185,102
45009,Miami,DE,Al-Quadin Muhammad,27,193,112
45011,Mississippi,DT,D.J. Jones,28,182,144
45012,Wyoming,C,Chase Roullier,29,193,140
45020,Houston,FS,Brandon Wilson,28,154,90
45021,Auburn,SS,Rudy Ford,29,182,91
45030,Chattanooga,C,Corey Levin,28,193,138
45033,Northwestern,DE,Ifeadi Odenigbo,28,190,116
45038,Notre Dame,DE,Isaac Rochell,27,193,126
45039,East Central,WR,David Moore,28,182,96
45042,Miami,FS,Adrian Colbert,29,187,92
45045,Kansas State,OLB,Elijah Lee,26,187,103
45050,Virginia Tech,WR,Isaiah Ford,26,187,87
45052,Ohio State,WR,Noah Brown,26,187,101
45056,Baylor,G,Kyle Fuller,28,195,144
45062,Oklahoma State,RB,Chris Carson,28,154,99
45063,Eastern Michigan,DE,Pat O'Connor,30,193,121
45069,San Diego State,G,Daniel Brunskill,29,195,117
45094,Oregon,TE,Johnny Mundt,28,193,104
45102,Old Dominion,WR,Zach Pascal,28,187,96
45142,Washington,TE,Darrell Daniels,28,190,115
45159,Temple,QB,Phillip Walker,28,154,95
45185,Eastern Washington,WR,Kendrick Bourne,27,185,91
45186,Georgia Southern,RB,Matt Breida,28,154,85
45203,Louisiana State,DE,Tashawn Bower,28,195,112
45215,Cincinnati,OLB,Eric Wilson,28,185,103
45217,Nebraska,TE,Cethan Carter,27,190,111
45223,Illinois,ILB,Hardy Nickerson,28,182,105
45226,Colorado,NT,Josh Tupou,29,190,155
45244,Brigham Young,QB,Taysom Hill,32,187,99
45255,Chattanooga,WR,C.J. Board,29,185,81
45267,Utah,WR,Tim Patrick,29,193,95
45268,Maine,FB,Patrick Ricard,28,190,139
45274,Vanderbilt,DE,Adam Butler,28,195,135
45281,Wyoming,TE,Jacob Hollister,29,193,110
45286,Brigham Young,ILB,Harvey Langi,30,187,113
45287,Valdosta State,CB,Kenny Moore,27,175,85
45302,Nevada-Las Vegas,CB,Torry McTyer,27,154,84
45321,"Laval, Can.",TE,Antony Auclair,29,198,115
45330,Iowa,CB,Greg Mabin,28,187,90
45335,Duke,CB,Breon Borders,27,182,85
45339,Oregon,TE,Pharaoh Brown,28,198,116
45346,Southern California,G,Jordan Simmons,28,193,152
45355,Harvard,TE,Anthony Firkser,28,187,110
45369,Hawaii,WR,Marcus Kemp,27,193,94
45395,Memphis,CB,Arthur Maulet,29,154,85
45414,UCLA,DT,Eli Ankou,28,190,146
45481,Texas A&amp;M,TE,Ricky Seals-Jones,28,195,109
45532,Oklahoma State,TE,Blake Jarwin,28,195,117
45533,Northwestern,ILB,Joseph Jones,29,182,103
45536,Central Michigan,QB,Cooper Rush,29,190,101
45550,Massachusetts,T,Elijah Wilkinson,27,198,148
45555,Kentucky Wesleyan,WR,Keelan Cole,29,185,87
45571,Brigham Young,CB,Michael Davis,27,187,88
45573,"Western State, Colo.",RB,Austin Ekeler,27,154,90
45594,Temple,TE,Colin Thompson,29,193,114
45599,Wisconsin,RB,Corey Clement,29,154,99
45607,Houston,WR,Greg Ward,27,154,85
45630,Toledo,T,Storm Norton,28,200,142
45635,Indiana State,TE,Robert Tonyan,28,195,106
45719,Wisconsin,RB,Dare Ogunbowale,28,154,92
45785,Wisconsin-Platteville,TE,Dan Arnold,28,198,99
46070,Oklahoma,QB,Baker Mayfield,27,185,96
46071,Penn State,RB,Saquon Barkley,25,154,104
46072,Southern California,QB,Sam Darnold,25,190,101
46073,Ohio State,CB,Denzel Ward,25,154,85
46074,North Carolina State,OLB,Bradley Chubb,26,193,123
46075,Notre Dame,G,Quenton Nelson,27,195,148
46076,Wyoming,QB,Josh Allen,26,195,106
46077,Georgia,ILB,Roquan Smith,25,182,103
46078,Notre Dame,T,Mike McGlinchey,27,203,141
46079,UCLA,QB,Josh Rosen,25,193,101
46080,Alabama,SS,Minkah Fitzpatrick,26,185,93
46081,Washington,NT,Vita Vea,27,193,156
46082,Alabama,DT,Daron Payne,25,190,144
46083,Texas-San Antonio,DE,Marcus Davenport,26,198,119
46084,UCLA,T,Kolton Miller,27,203,146
46085,Virginia Tech,MLB,Tremaine Edmunds,25,195,112
46086,Florida State,FS,Derwin James,27,187,96
46087,Louisville,CB,Jaire Alexander,25,154,88
46088,Boise State,OLB,Leighton Vander Esch,26,193,115
46089,Arkansas,C,Frank Ragnow,26,195,139
46090,Ohio State,C,Billy Price,28,193,140
46091,Alabama,ILB,Rashaan Evans,27,187,105
46092,Georgia,T,Isaiah Wynn,27,187,139
46093,Maryland,WR,D.J. Moore,25,154,96
46094,South Carolina,TE,Hayden Hurst,29,193,110
46095,Alabama,WR,Calvin Ridley,28,185,85
46096,San Diego State,RB,Rashaad Penny,27,154,99
46097,Virginia Tech,SS,Terrell Edmunds,26,185,97
46098,Florida,DT,Taven Bryan,26,193,130
46099,Central Florida,CB,Mike Hughes,25,154,85
46100,Georgia,RB,Sony Michel,28,154,96
46101,Louisville,QB,Lamar Jackson,25,187,95
46102,Nevada,G,Austin Corbett,27,193,137
46103,Texas-El Paso,G,Will Hernandez,28,187,147
46104,Georgia,RB,Nick Chubb,27,154,101
46105,South Carolina State,MLB,Shaquille Leonard,27,187,103
46106,Auburn,T,Braden Smith,26,198,141
46107,Southern California,RB,Ronald Jones,26,154,93
46108,Iowa,G,James Daniels,25,190,137
46109,Southern Methodist,WR,Courtland Sutton,27,193,97
46110,Boston College,OLB,Harold Landry,26,187,112
46111,Penn State,TE,Mike Gesicki,28,198,113
46113,Washington,WR,Dante Pettis,27,185,87
46116,Texas A&amp;M,WR,Christian Kirk,26,154,90
46117,Southern California,OLB,Uchenna Nwosu,26,187,112
46118,South Dakota State,TE,Dallas Goedert,28,195,115
46119,Texas,G,Connor Williams,25,195,134
46120,Memphis,WR,Anthony Miller,28,154,89
46121,Rutgers,DE,Kemoko Turay,27,195,111
46122,North Carolina,SS,M.J. Stewart,27,154,92
46123,Wake Forest,FS,Jessie Bates,26,185,90
46124,Louisiana State,CB,Donte Jackson,27,154,81
46127,Colorado,CB,Isaiah Oliver,26,182,94
46129,Oklahoma State,WR,James Washington,27,154,95
46130,Louisiana State,WR,D.J. Chark,26,193,89
46131,Pittsburgh,T,Brian O'Neill,27,200,133
46132,Auburn,CB,Carlton Davis,26,185,92
46133,Ohio State,DE,Tyquan Lewis,28,190,124
46134,North Carolina A&amp;T,T,Brandon Parker,27,203,144
46135,Georgia,OLB,Lorenzo Carter,27,195,112
46137,Stanford,SS,Justin Reid,26,185,91
46138,North Carolina State,DT,B.J. Hill,27,190,139
46139,Brigham Young,MLB,Fred Warner,26,190,106
46140,Oregon,RB,Royce Freeman,27,182,107
46141,Fort Hays State,DT,Nathan Shepherd,29,193,141
46142,Ohio State,ILB,Jerome Baker,26,187,101
46143,Louisville,T,Geron Christian,26,198,141
46144,Florida State,DT,Derrick Nnadi,26,185,139
46146,Ohio State,DE,Sam Hubbard,27,195,119
46148,Southern California,DE,Rasheem Green,25,193,125
46150,Colorado State,WR,Michael Gallup,26,185,90
46151,Louisiana-Lafayette,FS,Tracy Walker,28,185,94
46152,Oklahoma,T,Orlando Brown,27,203,155
46153,North Carolina State,DT,Justin Jones,26,190,139
46155,Oklahoma,TE,Mark Andrews,27,195,114
46156,Louisiana State,DE,Arden Key,27,195,108
46157,Vanderbilt,ILB,Oren Burks,28,190,104
46158,Texas Christian,T,Joseph Noteboom,27,195,144
46160,Central Florida,WR,Tre'Quan Smith,26,187,94
46161,Western Michigan,T,Chukwuma Okorafor,25,198,144
46162,Alabama,SS,Ronnie Harrison,25,190,96
46163,Humboldt State,G,Alex Cappa,28,198,137
46165,Stanford,DT,Harrison Phillips,27,190,138
46166,Michigan,C,Mason Cole,26,195,131
46167,Central Florida,TE,Jordan Akins,30,193,109
46168,Boston College,CB,Isaac Yiadom,27,185,85
46169,Clemson,OLB,Dorian O'Daniel,28,185,99
46170,Indiana,TE,Ian Thomas,26,190,117
46171,Ohio State,DE,Jalyn Holmes,27,195,127
46172,Texas Tech,WR,Keke Coutee,26,154,81
46173,North Carolina State,RB,Nyheim Hines,26,175,89
46175,Iowa,ILB,Josey Jewell,28,185,106
46176,Miami,TE,Christopher Herndon,27,193,113
46180,Michigan State,C,Brian Allen,27,187,135
46183,Alabama,DE,Da'Shawn Hand,27,190,133
46185,Kansas,DE,Dorance Armstrong,25,193,114
46186,Pittsburgh,SS,Jordan Whitehead,26,154,89
46187,Alabama,CB,Anthony Averett,28,154,80
46188,West Virginia,ILB,Kyzir White,27,187,97
46189,Washington,TE,Will Dissly,26,193,120
46190,Weber State,CB,Taron Johnson,26,154,86
46191,UCLA,ILB,Kenny Young,28,185,105
46192,Notre Dame,TE,Durham Smythe,27,198,117
46193,Texas A&amp;M,SS,Armani Watts,27,154,92
46194,Pittsburgh,CB,Avonte Maddox,26,175,82
46197,North Carolina State,DE,Kentavius Street,26,187,129
46198,North Carolina State,T,Will Richardson,26,198,136
46199,Florida State,DE,Josh Sweat,25,195,113
46200,Arizona State,RB,Kalen Ballage,27,187,103
46203,Fordham,RB,Chase Edmonds,26,175,94
46204,Stephen F. Austin,DE,John Franklin-Myers,26,193,129
46205,Mississippi,DE,Marquis Haynes,29,187,105
46206,Stanford,TE,Dalton Schultz,26,195,108
46209,Michigan,DT,Maurice Hurst,27,187,130
46211,Kansas State,CB,D.J. Reed,26,175,84
46212,Purdue,ILB,Ja'Whaun Bentley,26,187,114
46214,Delaware,DE,Bilal Nichols,26,190,140
46215,Oklahoma State,CB,Tre Flowers,28,190,91
46216,Virginia,ILB,Micah Kiser,28,182,109
46219,Memphis,OLB,Genard Avery,27,182,112
46221,Arizona,SS,Dane Cruikshank,27,185,94
46223,Jacksonville State,CB,Siran Neal,28,182,92
46226,Central Michigan,TE,Tyler Conklin,27,190,114
46229,Oklahoma,OLB,Ogbonnia Okoronkwo,27,185,113
46230,Maryland,MLB,Jermaine Carter,28,182,101
46232,Virginia Tech,DT,Tim Settle,25,190,138
46235,Virginia Tech,G,Wyatt Teller,28,193,141
46237,Ohio State,T,Jamarco Jones,26,193,131
46238,Mississippi,RB,Jordan Wilkins,28,185,97
46239,Western Michigan,CB,Darius Phillips,27,154,85
46240,Western Kentucky,QB,Mike White,27,193,101
46243,South Florida,WR,Marquez Valdes-Scantling,28,193,93
46249,Connecticut,DT,Folorunso Fatukasi,27,193,143
46250,Utah,OLB,Kylie Fitts,28,190,117
46253,Florida,OLB,Marcell Harris,28,182,93
46255,Temple,DE,Jacob Martin,27,187,108
46256,Clemson,WR,Ray-Ray McCloud,26,175,85
46259,Texas,FS,DeShon Elliott,25,185,94
46263,Louisiana State,WR,Russell Gage,27,182,82
46264,Rutgers,NT,Sebastian Joseph,28,193,139
46265,Central Arkansas,CB,Tremon Smith,26,182,85
46267,Tennessee,G,Reginald McKenzie,26,190,144
46269,Yale,ILB,Foyesade Oluokun,28,187,96
46270,Louisiana Tech,RB,Boston Scott,27,167,91
46273,Virginia State,RB,Trenton Cannon,28,154,83
46275,Texas Christian,T,Matt Pryor,28,200,149
46276,Notre Dame,WR,Equanimeous St. Brown,26,195,96
46277,Boise State,WR,Cedrick Wilson,27,195,84
46279,Miami,WR,Braxton Berrios,27,175,85
46284,Alabama,C,Bradley Bozeman,28,195,142
46300,Texas Christian,ILB,Travin Howard,26,185,98
46302,No College,T,Jordan Mailata,25,203,154
46304,Syracuse,OLB,Zaire Franklin,27,182,106
46307,Ferris State,DT,Zach Sieler,27,198,130
46312,Western Carolina,CB,Keion Crossen,26,154,83
46313,Southern Methodist,OLB,Justin Lawler,28,193,119
46314,Louisiana State,C,Will Clapp,27,195,139
46320,Northwestern,RB,Justin Jackson,26,182,90
46322,Florida State,WR,Auden Tate,26,195,102
46323,Cincinnati,T,Korey Cunningham,27,198,137
46329,Southern U.,CB,Danny Johnson,27,175,85
46331,San Diego,TE,Ross Dwelley,28,195,108
46349,Central Arkansas,FS,George Odum,30,185,90
46354,Tennessee,CB,Emmanuel Moseley,26,154,82
46362,Alabama,WR,Cam Sims,26,195,96
46367,Colorado,RB,Phillip Lindsay,28,172,85
46369,Florida State,SS,Trey Marshall,27,182,93
46376,Washington,G,Coleman Shelton,27,195,128
46378,Mississippi State,SS,J.T. Gray,27,182,90
46387,Tennessee,DT,Kendal Vickers,27,190,132
46394,Northern Illinois,WR,Christian Blake,26,185,81
46404,Alabama,C,J.C. Hassenauer,29,187,132
46416,UCLA,OLB,Jacob Tuioti-Mariner,26,187,128
46424,Penn State,FB,Jason Cabinda,27,185,105
46438,Northwestern,NT,Tyler Lancaster,28,190,141
46456,Alabama-Birmingham,CB,Darious Williams,30,175,84
46457,Toledo,OLB,Olasunkanmi Adeniyi,25,185,111
46461,Cincinnati,RB,Mike Boone,27,154,92
46487,Texas,NT,Poona Ford,27,154,139
46504,Washington State,DT,Daniel Ekuale,29,190,135
46521,Iowa,ILB,Ben Niemann,27,187,104
46522,Kansas State,WR,Byron Pringle,29,185,92
46526,Louisiana State,RB,Darrel Williams,27,154,100
46527,Washington State,OLB,Frankie Luvu,26,190,105
46536,Nevada-Las Vegas,FB,Johnny Stanton,28,187,110
46542,Temple,WR,Keith Kirkwood,28,190,94
46543,Oregon,DE,Henry Mondeaux,27,193,126
46544,Western Kentucky,TE,Deon Yelder,27,193,114
46618,South Carolina,DT,Taylor Stallworth,27,187,137
46629,Nebraska,C,Nick Gates,27,195,138
46630,Utah State,CB,Jalen Davis,27,154,83
46633,Florida Atlantic,RB,Buddy Howell,26,185,98
46652,Georgia State,CB,Chandon Sullivan,26,154,85
46657,Sioux Falls,OLB,Dennis Gardeck,28,182,104
46671,Vanderbilt,WR,Trent Sherfield,27,185,98
46672,Ferris State,CB,Tavierre Thomas,26,154,92
46674,Washington,ILB,Ezekiel Turner,26,187,96
46679,Southern Methodist,C,Evan Brown,26,187,135
46680,Temple,SS,Sean Chandler,26,154,92
46689,Iowa,G,Ike Boettger,28,198,143
46698,Alabama,CB,Levi Wallace,27,182,80
46699,Miami,CB,Dee Delaney,28,185,86
46700,Vanderbilt,CB,Tre Herndon,26,154,83
46705,Iowa State,WR,Allen Lazard,27,195,102
46711,Southern Illinois,SS,Ryan Neal,27,190,90
46729,Virginia Tech,CB,Brandon Facyson,28,187,88
46755,Grambling,T,Trenton Scott,29,195,144
46757,Middle Tennessee,CB,Charvarius Ward,26,185,87
46772,Miami,OLB,Trent Harris,27,187,114
46775,Maryland,CB,J.C. Jackson,27,185,89
46778,Mississippi,FS,A.J. Moore,27,154,90
46781,Oregon State,RB,Ryan Nall,27,187,106
46786,Old Dominion,DE,Bunmi Rotimi,27,193,123
46796,Buffalo,DE,Demone Harris,27,193,122
46797,Southern Arkansas,TE,Tanner Hudson,28,195,107
46798,Northwestern,RB,Godwin Igwebuike,28,182,95
46807,San Jose State,CB,Andre Chachere,26,182,87
46823,Southeast Missouri,CB,Mike Ford,27,182,88
46825,Nebraska,CB,Chris Jones,27,182,90
46836,Texas Tech,WR,Cameron Batson,27,175,78
46843,Temple,OLB,Sharif Finch,28,193,112
46852,James Madison,G,Aaron Stinnie,29,190,140
46902,Western Michigan,OLB,Robert Spillane,27,185,103
46908,Utah State,FS,Dallin Leavitt,28,154,87
46915,Southeastern Oklahoma,TE,Codey McElroy,30,198,116
46958,North Dakota State,MLB,Chris Board,27,187,103
46992,Prairie View,WR,KhaDarel Hodge,28,187,92
46998,Illinois,WR,Malik Turner,27,187,90
47016,Tennessee,ILB,A.J. Johnson,31,187,114
47180,Wake Forest,QB,John Wolford,27,185,90
47605,South Florida,RB,D'Ernest Johnson,27,154,93
47749,Tennessee,FB,Jakob Johnson,28,190,114
47784,Oklahoma,QB,Kyler Murray,25,154,93
47785,Ohio State,DE,Nick Bosa,25,193,119
47786,Alabama,NT,Quinnen Williams,25,190,136
47787,Clemson,DE,Clelin Ferrell,25,193,119
47788,Louisiana State,ILB,Devin White,25,182,106
47789,Duke,QB,Daniel Jones,25,195,99
47790,Kentucky,OLB,Josh Allen,25,195,117
47791,Iowa,TE,T.J. Hockenson,26,195,111
47792,Houston,DT,Ed Oliver,25,185,129
47793,Michigan,ILB,Devin Bush,24,154,104
47794,Alabama,T,Jonah Williams,25,193,137
47795,Michigan,OLB,Rashan Gary,26,195,124
47796,Clemson,DT,Christian Wilkins,27,193,141
47797,Boston College,G,Chris Lindstrom,25,193,138
47799,Florida State,DE,Brian Burns,24,195,112
47800,Clemson,DE,Dexter Lawrence,25,193,153
47801,North Carolina State,C,Garrett Bradbury,27,190,137
47802,Mississippi State,DT,Jeffery Simmons,25,193,135
47803,Iowa,TE,Noah Fant,25,193,112
47804,Maryland,SS,Darnell Savage,25,154,90
47805,Washington State,T,Andre Dillard,28,195,141
47806,Alabama State,T,Tytus Howard,26,195,144
47807,Alabama,RB,Josh Jacobs,24,154,99
47808,Oklahoma,WR,Marquise Brown,25,175,76
47809,Mississippi State,DE,Montez Sweat,26,198,117
47810,Mississippi State,SS,Johnathan Abram,26,182,92
47811,Notre Dame,DT,Jerry Tillery,26,198,132
47812,Texas Christian,DE,L.J. Collier,27,187,130
47813,Georgia,CB,Deandre Baker,25,154,81
47814,Washington,T,Kaleb McGary,28,198,137
47815,Arizona State,WR,N'Keal Harry,25,193,101
47816,Washington,CB,Byron Murphy,25,154,85
47817,Temple,CB,Rock Ya-Sin,26,182,85
47818,Florida,T,Jawaan Taylor,25,195,140
47819,South Carolina,WR,Deebo Samuel,27,154,96
47821,Oklahoma,G,Cody Ford,26,190,148
47822,Central Michigan,CB,Sean Murphy-Bunting,25,182,87
47823,Clemson,CB,Trayvon Mullen,25,187,90
47824,Kansas State,G,Dalton Risner,27,195,140
47825,Missouri,QB,Drew Lock,26,193,102
47826,Hawaii,MLB,Jahlani Tavai,26,187,112
47827,Mississippi State,G,Elgton Jenkins,27,195,139
47828,Vanderbilt,CB,Joejuan Williams,25,190,95
47829,Louisiana State,CB,Greedy Williams,26,187,82
47830,Utah,FS,Marquise Blair,25,187,87
47831,Texas A&amp;M,C,Erik McCoy,25,193,141
47832,Texas Christian,DE,Ben Banogu,27,190,113
47834,Mississippi,WR,A.J. Brown,25,182,101
47835,Washington,TE,Drew Sample,26,193,116
47836,Penn State,RB,Miles Sanders,26,154,94
47837,Kentucky,CB,Lonnie Johnson,27,187,95
47838,Northern Illinois,G,Max Scharping,26,198,146
47839,Georgia,WR,Mecole Hardman,24,154,84
47840,Stanford,TE,J.J. Arcega-Whiteside,26,187,101
47842,Ohio State,WR,Parris Campbell,25,182,92
47843,Delaware,FS,Nasir Adderley,25,182,92
47844,Washington,FS,Taylor Rapp,25,182,93
47846,Virginia,FS,Juan Thornhill,27,182,92
47847,Mississippi,WR,DK Metcalf,25,193,103
47848,Boston College,DE,Zach Allen,25,193,126
47849,Toledo,WR,Diontae Johnson,26,154,81
47852,San Jose State,TE,Josh Oliver,26,195,112
47853,Memphis,RB,Darrell Henderson,25,172,90
47854,Ohio State,DE,Dre'Mont Jones,25,190,126
47855,North Carolina State,OLB,Germaine Pratt,26,187,110
47856,Iowa State,RB,David Montgomery,25,154,99
47857,Florida Atlantic,RB,Devin Singletary,26,170,91
47859,Ohio State,WR,Terry McLaurin,27,182,94
47860,Michigan,DE,Chase Winovich,27,190,112
47861,Wisconsin,C,Michael Deiter,27,198,139
47862,Michigan,CB,David Long,24,154,88
47863,Brigham Young,OLB,Sione Takitaki,27,185,107
47864,Boston College,SS,Will Harris,27,185,93
47865,North Carolina-Charlotte,G,Nate Davis,26,190,142
47866,Michigan State,CB,Justin Layne,24,187,86
47867,Western Illinois,DT,Khalen Saunders,26,182,145
47868,Louisiana Tech,OLB,Jaylon Ferguson,27,195,123
47870,Alabama,RB,Damien Harris,25,154,96
47871,Utah,MLB,Cody Barton,26,187,106
47872,Stanford,MLB,Bobby Okereke,26,185,105
47873,Penn State,G,Connor McGovern,26,195,138
47874,Sioux Falls,T,Trey Pipkins,26,198,138
47875,Southern California,T,Chuma Edoga,25,190,138
47876,Notre Dame,WR,Miles Boykin,26,193,99
47877,Auburn,CB,Jamel Dean,26,185,92
47878,Old Dominion,OLB,Oshane Ximines,26,193,112
47879,Mississippi,TE,Dawson Knox,26,193,114
47880,Oklahoma,G,Bobby Evans,26,193,140
47881,Murray State,OLB,Quincy Williams,26,154,101
47882,Kentucky,FS,Mike Edwards,26,154,90
47884,West Virginia,T,Yodny Cajuste,27,195,139
47885,Boise State,RB,Alexander Mattison,24,154,99
47888,Florida,SS,Chauncey Gardner-Johnson,25,154,93
47889,Eastern Michigan,DE,Maxx Crosby,25,195,114
47890,Iowa,OLB,Anthony Nelson,25,200,122
47891,Notre Dame,SS,Julian Love,25,154,86
47892,Michigan State,SS,Khari Willis,26,154,96
47899,Iowa,FS,Amani Hooker,24,154,94
47900,Clemson,OLB,Austin Bryant,26,198,117
47902,Miami,FS,Sheldrick Redwine,26,182,88
47904,West Virginia,TE,Trevon Wesco,27,190,120
47905,Kentucky,RB,Benny Snell,25,154,100
47906,Oklahoma,G,Ben Powers,26,193,139
47911,Memphis,RB,Tony Pollard,25,182,94
47913,Notre Dame,ILB,Drue Tranquill,27,187,105
47914,Indiana,G,Wes Martin,26,190,142
47915,Oregon,FS,Ugochukwu Amadi,25,175,90
47917,Washington,NT,Greg Gaines,26,185,140
47919,Ohio State,G,Michael Jordan,25,198,141
47920,Louisiana State,TE,Foster Moreau,25,193,112
47922,Alabama,SS,Deionte Thompson,25,185,88
47924,Michigan,TE,Zach Gentry,26,203,119
47929,Penn State,CB,Amani Oruwariye,26,187,91
47931,Arkansas,OLB,Dre Greenlaw,25,182,101
47932,Clemson,WR,Hunter Renfrow,27,154,83
47933,Texas A&amp;M,DE,Kingsley Keke,26,190,129
47934,Wisconsin,OLB,Andrew Van Ginkel,28,193,108
47938,Alabama,OLB,Mack Wilson,25,185,108
47939,Oregon,OLB,Justin Hollins,27,195,111
47940,Minnesota,ILB,Blake Cashman,26,185,105
47944,Texas,DE,Charles Omenihu,25,195,126
47947,Tarleton State,OLB,E.J. Speed,28,193,103
47948,Miami,DE,Joe Jackson,26,193,123
47952,Wisconsin,G,David Edwards,26,198,138
47954,Auburn,WR,Darius Slayton,25,185,85
47956,North Carolina,OLB,Cole Holcomb,26,185,108
47959,Stanford,TE,Kaden Smith,25,195,113
47964,Miami,FS,Jaquan Johnson,27,154,85
47965,Texas A&amp;M,RB,Trayveon Williams,25,172,92
47969,Maryland,RB,Ty Johnson,25,154,94
47970,Colorado,WR,Juwann Winfree,26,190,96
47971,West Virginia,ILB,David Long,26,154,100
47973,Arkansas,NT,Armon Watts,26,195,132
47974,Wyoming,SS,Marcus Epps,27,182,85
47975,Alabama,DE,Isaiah Buggs,26,190,132
47976,Elon,T,Olisaemeka Udoh,26,195,145
47978,Central Michigan,CB,Xavier Crawford,27,154,83
47984,South Carolina,CB,Rashad Fenton,26,154,84
47985,Ohio State,T,Isaiah Prince,25,200,137
47987,Miami,RB,Travis Homer,24,154,90
47988,Kansas State,CB,Duke Shelley,26,172,82
47991,Bowling Green,WR,Scott Miller,25,154,78
47995,South Carolina,G,Dennis Daley,26,198,145
47996,Texas A&amp;M,SS,Donovan Wilson,28,182,91
48000,Texas,CB,Kris Boyd,26,154,90
48008,North Carolina A&amp;T,DE,Darryl Johnson,25,198,113
48009,Texas Christian,ILB,Ty Summers,27,185,108
48011,Boston College,TE,Tommy Sweeney,28,195,112
48017,Washington,RB,Myles Gaskin,26,154,90
48026,Penn State,SS,Nick Scott,27,154,90
48027,Idaho,OLB,Kaden Elliss,27,190,108
48032,Temple,DE,Michael Dogbe,26,190,127
48034,Texas Tech,OLB,Dakota Allen,28,185,104
48053,East Central,WR,Trinity Benson,26,182,81
48085,Florida,T,Fred Johnson,25,200,146
48089,Nevada,OLB,Malik Reed,26,187,105
48094,Texas,T,Calvin Anderson,26,195,135
48096,Texas,TE,Andrew Beck,26,190,114
48097,North Carolina State,WR,Jakobi Meyers,26,187,90
48117,Arizona,MLB,Demetrius Flannigan-Fowles,26,187,94
48118,Malone,WR,Ashton Dulin,25,185,96
48119,Georgia State,WR,Penny Hart,26,172,81
48123,Penn State,DT,Kevin Givens,26,185,128
48137,Purdue,QB,David Blough,27,182,90
48145,Boston College,DE,Wyatt Ray,26,190,114
48158,Notre Dame,G,Alex Bars,27,195,141
48159,Notre Dame,C,Sam Mustipher,26,187,139
48181,Virginia Tech,T,Yosuah Nijman,27,200,141
48198,Michigan,NT,Bryan Mone,27,190,164
48207,Vanderbilt,FB,Khari Blasingame,27,182,104
48220,California,G,Patrick Mekari,25,193,138
48233,Wisconsin,FB,Alec Ingold,26,185,108
48234,Texas Tech,WR,Antoine Wesley,25,193,92
48235,UCLA,C,Andre James,26,193,135
48241,South Carolina,CB,Keisean Nixon,25,154,90
48247,Old Dominion,DE,Tim Ward,25,198,114
48268,Florida Atlantic,MLB,Azeez Al-Shaair,25,187,102
48318,Nebraska,RB,Devine Ozigbo,27,182,101
48364,Illinois,OLB,Del'Shawn Phillips,26,187,103
48374,Virginia,WR,Olamide Zaccheaus,25,172,86
48415,Assumption,WR,Deonte Harty,25,167,76
48447,Texas,FS,P.J. Locke,25,154,90
48454,Mississippi,FS,C.J. Moore,27,154,87
48455,Iowa,T,Matt Nelson,27,200,134
48456,Stetson University,TE,Donald Parham,25,203,106
48462,Texas-San Antonio,DE,Kevin Strong,26,193,128
48471,Stanford,WR,Trenton Irwin,27,187,93
48472,California,RB,Patrick Laird,27,182,92
48473,Georgia,DE,Jonathan Ledbetter,25,193,126
48475,Temple,TE,Chris Myarick,27,195,114
48476,Texas-El Paso,CB,Nik Needham,26,182,86
48480,Colorado State,WR,Preston Williams,25,195,98
48482,Texas A&amp;M,MLB,Tyrel Dodson,24,182,106
48485,Northwestern,G,Blake Hance,26,195,139
48487,Buffalo,CB,Cameron Lewis,25,175,83
48489,West Virginia,WR,David Sills,26,190,94
48508,Wyoming,FS,Andrew Wingard,26,182,94
48512,Penn State,C,Ryan Bates,26,193,135
48513,Stanford,G,Nate Herbig,24,193,150
48516,Wisconsin,ILB,T.J. Edwards,26,185,108
48520,Alabama-Birmingham,DT,Anthony Rush,27,195,157
48524,Coastal Carolina,CB,Anthony Chesley,27,182,85
48530,Nebraska,WR,Stanley Morgan,26,182,92
48537,Wyoming,DE,Carl Granderson,26,195,117
48541,Texas,WR,Lil'Jordan Humphrey,24,193,101
48544,Tennessee,DT,Shy Tuttle,27,190,135
48554,Michigan State,OLB,Andrew Dowell,26,185,101
48555,Nebraska,OLB,Luke Gifford,27,190,110
48556,North Texas,WR,Jalen Guyton,25,185,95
48565,Kentucky,CB,Chris Westry,25,193,88
48566,Kansas,DE,Daniel Wise,27,190,125
48581,Tulane,CB,Roderic Teamer,25,182,92
48599,Clemson,DT,Albert Huggins,25,190,137
48601,Oklahoma State,WR,Tyron Johnson,26,185,86
48624,Ferris State,WR,Malik Taylor,27,187,97
48657,Boston College,WR,Jeff Smith,25,185,87
48663,Oklahoma,DE,Amani Bledsoe,24,193,126
48671,Sam Houston State,OLB,Derick Roberson,27,190,112
48678,North Texas,CB,Kemon Hall,26,154,85
48680,Bryant,WR,Tom Kennedy,26,154,87
48683,Valdosta State,TE,Joe Fortson,27,198,103
48685,Citadel,OLB,Noah Dawkins,25,185,105
48700,Princeton,TE,Jesper Horsted,26,190,106
48723,Iowa,TE,Parker Hesse,27,190,117
48766,Missouri,TE,Kendall Blanton,27,198,117
48780,Delaware,ILB,Troy Reeder,28,190,110
48988,Bemidji State,WR,Gunner Olszewski,26,182,85
49410,Washington State,FS,Jalen Thompson,24,154,85
49476,Louisiana-Monroe,RB,Derrick Gore,28,154,95
50756,West Virginia,FS,Kenny Robinson,23,187,90
50963,Florida State,RB,Jacques Patrick,25,190,105
52409,Louisiana State,QB,Joe Burrow,26,193,97
52410,Ohio State,DE,Chase Young,23,195,119
52411,Ohio State,CB,Jeff Okudah,24,185,90
52412,Georgia,T,Andrew Thomas,24,195,146
52413,Alabama,QB,Tua Tagovailoa,25,185,98
52414,Oregon,QB,Justin Herbert,24,198,106
52415,Auburn,DT,Derrick Brown,24,195,143
52416,Clemson,ILB,Isaiah Simmons,24,190,101
52417,Florida,CB,C.J. Henderson,24,185,85
52418,Alabama,T,Jedrick Wills,23,195,144
52419,Louisville,T,Mekhi Becton,23,200,159
52420,Alabama,WR,Henry Ruggs,24,182,85
52421,Iowa,T,Tristan Wirfs,24,195,144
52422,South Carolina,DT,Javon Kinlaw,26,198,139
52423,Alabama,WR,Jerry Jeudy,23,185,86
52424,Clemson,CB,A.J. Terrell,24,187,85
52425,Oklahoma,WR,CeeDee Lamb,23,187,85
52426,Southern California,T,Austin Jackson,23,198,139
52427,Ohio State,CB,Damon Arnette,,182,87
52428,Louisiana State,OLB,K'Lavon Chaisson,23,193,112
52429,Texas Christian,WR,Jalen Reagor,24,154,87
52430,Louisiana State,WR,Justin Jefferson,,190,86
52431,Oklahoma,ILB,Kenneth Murray,24,190,105
52432,Michigan,G,Cesar Ruiz,23,190,143
52433,Arizona State,WR,Brandon Aiyuk,25,185,92
52434,Utah State,QB,Jordan Love,25,193,99
52435,Texas Tech,OLB,Jordyn Brooks,25,185,110
52436,Louisiana State,MLB,Patrick Queen,23,185,102
52438,Auburn,CB,Noah Igbinoghene,23,154,88
52440,Louisiana State,RB,Clyde Edwards-Helaire,23,172,94
52441,Clemson,WR,Tee Higgins,24,193,94
52442,Southern California,WR,Michael Pittman,25,193,99
52443,Georgia,RB,D'Andre Swift,24,154,94
52444,"Alabama-Tuscaloosa, University",FS,Xavier McKinney,24,185,88
52445,Lenoir-Rhyne,FS,Kyle Dugger,27,187,97
52446,Penn State,DE,Yetur Gross-Matos,25,195,118
52447,Louisiana-Lafayette,G,Robert Hunt,26,195,144
52448,Texas Christian,DT,Ross Blacklock,24,193,137
52449,Wisconsin,RB,Jonathan Taylor,24,154,99
52450,Colorado,WR,Laviska Shenault,24,187,99
52451,Notre Dame,TE,Cole Kmet,23,198,116
52452,,SS,Grant Delpit,24,190,91
52453,Minnesota,FS,Antoine Winfield,24,175,92
52454,Penn State,WR,K.J. Hamler,23,175,79
52455,Auburn,DT,Marlon Davidson,24,190,125
52456,Tennessee,DE,Darrell Taylor,26,190,113
52457,Notre Dame,WR,Chase Claypool,24,193,102
52458,Utah,CB,Jaylon Johnson,23,182,87
52459,Alabama,CB,Trevon Diggs,,187,93
52461,Oklahoma,QB,Jalen Hurts,24,187,98
52462,Iowa,DE,A.J. Epenesa,24,195,126
52464,Alabama,NT,Raekwon Davis,,200,139
52465,Florida,WR,Van Jefferson,26,187,88
52466,Boise State,G,Ezra Cleveland,24,198,139
52467,Baylor,WR,Denzel Mims,25,190,93
52468,Michigan,OLB,Josh Uche,24,187,112
52469,Louisiana State,CB,Kristian Fulton,25,182,90
52470,Boston College,RB,A.J. Dillon,25,185,112
52471,Mississippi State,OLB,Willie Gay,25,187,105
52472,Southern Illinois,FS,Jeremy Chinn,25,190,95
52473,Wyoming,ILB,Logan Wilson,26,187,112
52474,Memphis,RB,Antonio Gibson,24,187,99
52475,Notre Dame,OLB,Julian Okwara,25,195,108
52476,California,SS,Ashtyn Davis,26,185,90
52477,Louisiana State,G,Damien Lewis,26,190,149
52478,Texas,SS,Brandon Jones,25,182,92
52479,Texas A&amp;M,DT,Justin Madubuike,25,190,135
52480,Houston,G,Josh Jones,25,200,139
52481,Ohio State,DT,Davon Hamilton,26,193,139
52482,Wisconsin,OLB,Zack Baun,26,190,105
52483,Ohio State,G,Jonah Jackson,25,193,137
52484,Vanderbilt,RB,Ke'Shawn Vaughn,25,154,96
52486,Temple,C,Matt Hennessy,25,193,130
52487,Florida,DE,Jabari Zuniga,25,190,118
52489,South Carolina,WR,Bryan Edwards,24,190,96
52491,Louisiana State,C,Lloyd Cushenberry,25,193,141
52492,Alabama,OLB,Terrell Lewis,24,195,113
52493,Utah,FS,Julian Blackmon,24,185,91
52494,Utah,RB,Zack Moss,25,154,96
52496,Missouri,DT,Jordan Elliott,25,193,141
52497,Mississippi State,CB,Cameron Dantzler,25,187,83
52498,Florida,DE,Jonathan Greenard,25,190,116
52500,Texas,WR,Devin Duvernay,25,154,94
52501,Appalachian State,RB,Darrynton Evans,24,154,90
52502,Cincinnati,TE,Josiah Deguara,26,190,108
52503,Arkansas,DE,McTelvin Agim,25,190,135
52504,,T,Lucas Niang,,200,147
52506,Ohio State,OLB,Malik Harrison,24,190,110
52507,Connecticut,T,Matt Peart,25,200,136
52510,North Carolina-Charlotte,OLB,Alex Highsmith,25,193,108
52511,Colorado,OLB,Davion Taylor,24,187,101
52512,Utah,FS,Terrell Burgess,25,182,89
52513,Dayton,TE,Adam Trautman,25,198,113
52514,Mississippi State,G,Tyre Phillips,26,195,155
52515,Appalachian State,ILB,Akeem Davis-Gaither,25,187,96
52516,Louisiana State,T,Saahdiq Charles,23,193,132
52517,Clemson,G,John Simpson,25,193,148
52518,UCLA,CB,Darnay Holmes,24,154,89
52519,Georgia,G,Solomon Kindley,25,193,150
52520,UCLA,RB,Joshua Kelley,25,154,98
52522,Utah,DT,Leki Fotu,24,195,150
52523,Florida Atlantic,TE,Harrison Bryant,24,195,108
52524,"St. John's, Minn.",T,Ben Bartch,24,198,137
52525,South Carolina,DE,D.J. Wonnum,25,195,117
52526,Missouri,TE,Albert Okwuegbunam,24,195,114
52527,Fresno State,ILB,Mykal Walker,25,190,98
52528,Florida,RB,La'Mical Perine,25,154,99
52530,Washington,QB,Jacob Eason,25,198,102
52532,Maryland,RB,Anthony McFarland,24,175,89
52534,North Carolina,T,Charlie Heck,26,203,141
52535,Clemson,SS,K'Von Wallace,25,154,93
52536,Central Florida,WR,Gabe Davis,24,190,95
52538,Baylor,NT,James Lynch,24,193,132
52539,Louisiana State,NT,Rashard Lawrence,,187,138
52541,Stanford,TE,Colby Parkinson,23,200,112
52542,California,FS,Jaylinn Hawkins,25,187,94
52543,Louisiana-Lafayette,G,Kevin Dotson,26,193,144
52545,Michigan State,CB,Josiah Scott,23,154,78
52546,Louisiana Tech,CB,L'Jarius Sneed,26,185,86
52547,Louisiana Tech,CB,Amik Robertson,24,175,82
52548,Miami,MLB,Shaquille Quarterman,25,185,105
52549,Penn State,CB,John Reid,26,154,81
52550,Liberty,WR,Antonio Gandy-Golden,24,193,99
52551,Michigan,G,Ben Bredeson,25,193,146
52552,Miami,RB,DeeJay Dallas,24,154,96
52553,Auburn,T,Jack Driscoll,26,195,133
52554,Wisconsin,C,Tyler Biadasz,25,190,144
52555,Notre Dame,DE,Khalid Kareem,24,193,119
52556,Syracuse,DE,Alton Robinson,25,193,117
52557,Ball State,G,Danny Pinter,26,193,135
52558,Oregon,G,Shane Lemieux,25,193,142
52563,Tulsa,OLB,Trevis Gipson,25,193,120
52564,San Diego State,C,Keith Ismael,24,190,139
52565,Auburn,SS,Daniel Thomas,25,154,94
52566,,CB,Bryce Hall,,185,90
52569,Minnesota,WR,Tyler Johnson,24,187,92
52570,Michigan,MLB,Khaleke Hudson,25,182,99
52571,Georgia Southern,CB,Kindle Vildor,25,154,85
52573,Texas,WR,Collin Johnson,25,198,96
52574,Wisconsin,WR,Quintez Cephus,25,185,92
52578,Texas Tech,DT,Broderick Washington,26,190,137
52581,Tulane,WR,Darnell Mooney,25,154,77
52582,North Carolina State,DT,Larrell Murchison,25,190,130
52584,Miami,WR,K.J. Osborn,25,182,90
52585,Michigan,DE,Michael Danna,,187,114
52586,,ILB,Justin Strnad,26,190,105
52587,Utah,DE,Bradlee Anae,,190,119
52589,Fresno State,G,Netane Muti,23,190,138
52590,Michigan,G,Michael Onwenu,25,190,157
52591,Penn State,OLB,Cam Brown,25,195,104
52592,Baylor,DT,Bravvion Roy,,185,149
52594,Notre Dame,SS,Alohi Gilman,25,154,90
52595,Michigan,WR,Donovan Peoples-Jones,24,187,93
52598,Georgia,TE,Charlie Woerner,25,195,110
52600,Michigan,G,Jon Runyan,25,195,144
52602,Nebraska,DT,Khalil Davis,26,187,141
52603,Wake Forest,T,Justin Herron,27,195,130
52604,Temple,ILB,Shaun Bradley,25,185,103
52605,Utah,NT,John Penisini,25,187,149
52607,Ohio State,SS,Jordan Fuller,24,187,92
52608,Southern Mississippi,WR,Quez Watkins,24,187,85
52609,Southern Methodist,WR,James Proche,26,182,86
52614,Georgia Tech,TE,Tyler Davis,26,193,112
52619,Massachusetts,CB,Isaiah Rodgers,24,154,76
52622,Florida,WR,Freddie Swain,24,182,89
52623,Purdue,ILB,Markus Bailey,25,185,108
52624,Arkansas,FS,Kamren Curl,,187,91
52625,Tennessee,WR,Jauan Jennings,25,190,96
52626,Minnesota,ILB,Carter Coughlin,,193,110
52627,Iowa,SS,Geno Stone,23,154,94
52628,Ohio State,WR,K.J. Hill,25,182,88
52629,Florida International,CB,Stantley Thomas-Oliver,24,187,82
52631,Memphis,CB,Chris Claybrooks,,182,79
52633,,DE,Kenny Willekes,25,193,112
52635,,G,Lachavious Simmons,,195,141
52637,North Carolina State,DE,James Smith-Williams,,190,119
52640,Nebraska,DT,Carlos Davis,26,187,144
52641,Stanford,DE,Casey Toohill,26,193,111
52642,Baylor,MLB,Clay Johnston,26,185,104
52643,,DE,Jashon Cornell,,190,128
52645,Tulane,CB,Thakarius Keyes,25,185,90
52647,Pittsburgh,CB,Dane Jackson,26,154,83
52649,Temple,MLB,Chapelle Russell,26,185,103
52650,Miami,OLB,Jonathan Garvin,23,193,112
52651,Marshall,CB,Chris Jackson,24,182,83
52655,Minnesota,CB,Chris Williamson,25,182,92
52660,Florida,WR,Tyrie Cleveland,25,187,92
52662,North Dakota State,OLB,Derrek Tuszka,,195,110
52663,Georgia,ILB,Tae Crowder,25,190,105
52665,Texas,DT,Malcolm Roach,24,190,130
52666,Oregon,T,Calvin Throckmorton,26,195,143
52673,South Florida,TE,Mitchell Wilcox,26,193,110
52697,Florida Atlantic,CB,James Pierre,26,187,83
52708,Baylor,RB,Jamycal Hasty,26,175,92
52725,North Dakota State,TE,Ben Ellefson,27,190,112
52733,Illinois State,RB,James Robinson,24,154,99
52750,Southern Mississippi,WR,DeMichael Harris,24,175,78
52759,Wagner,DT,Chris Williams,24,187,137
52762,Notre Dame,RB,Tony Jones,25,154,101
52766,Wake Forest,WR,Kendall Hinton,26,182,87
52783,Missouri,G,Yasir Durant,24,200,148
52792,Missouri S&amp;T,DT,Tershawn Wharton,24,193,114
52793,,WR,Cody White,24,190,94
52797,Michigan State,OLB,Joe Bachie,25,187,105
52805,Northwestern,DE,Joe Gaziano,26,193,123
52810,Florida State,FB,Gabe Nabers,25,190,109
52829,Louisiana State,NT,Breiden Fehoko,26,187,132
52830,Texas-San Antonio,DT,Eric Banks,25,193,121
52835,Brown,DT,Michael Hoecht,25,193,139
52846,Weber State,DE,Jonah Williams,27,195,123
52852,Mississippi,FS,Myles Hartsfield,25,154,94
52858,Western Michigan,FB,Giovanni Ricci,26,190,108
52859,,RB,Rodney Smith,27,154,94
52863,UCLA,ILB,Krys Barnes,25,185,105
52864,Baylor,SS,Henry Black,26,154,91
52878,Penn State,WR,Dan Chisena,26,190,90
52886,Baylor,OLB,Blake Lynch,26,190,101
52887,Boise State,DT,David Moa,26,190,133
52894,Missouri,C,Trystan Colon,25,193,141
52895,Utah,QB,Tyler Huntley,25,185,92
52912,Notre Dame,DB,Jalen Elliott,24,182,94
52913,Norfolk State,FS,Bobby Price,24,193,92
52922,Washington,RB,Salvon Ahmed,24,154,88
52932,North Texas,OLB,Ladarius Hamilton,25,190,117
52938,Texas Tech,T,Terence Steele,25,198,139
52939,Temple,SS,Sam Franklin,27,190,94
52942,Oregon,TE,Juwan Johnson,26,193,103
52945,Arizona,CB,Jace Whittaker,27,154,83
52962,Maryland,TE,Tyler Mabry,26,193,111
52971,,OLB,Jamir Jones,,190,114
52972,Mississippi,RB,Scottie Phillips,25,172,94
52979,Mississippi State,OLB,Chauncey Rivers,25,190,123
52980,Fresno State,FS,Juju Hughes,24,154,84
52991,Washington,CB,Myles Bryant,25,172,81
53000,Arizona,RB,J.J. Taylor,24,167,83
53018,Oklahoma State,CB,A.J. Green,24,185,83
53039,,DE,Azur Kamara,,193,105
53051,Utah,CB,Javelin Guidry,24,154,85
53053,Memphis,DE,Bryce Huff,24,190,114
53059,Iowa,MLB,Kristian Welch,24,190,107
53063,Texas State,C,Aaron Brewer,25,190,121
53065,Arizona State,TE,Tommy Hudson,26,195,114
53073,Florida International,DT,Teair Tart,26,190,130
53074,Indiana,WR,Nick Westbrook-Ikhine,26,190,96
53079,Toledo,FB,Reggie Gilliam,25,185,114
53091,Oregon State,RB,Artavis Pierce,26,154,93
53098,Tennessee,WR,Marquez Callaway,24,187,91
53172,Indiana State,TE,Dominique Dafney,26,190,105
53180,,RB,Ty'Son Williams,,182,99
53315,,OLB,Aaron Patrick,,193,110
53430,,QB,Trevor Lawrence,,198,99
53431,,QB,Zach Wilson,,187,93
53432,,QB,Trey Lance,,193,101
53433,,TE,Kyle Pitts,,198,112
53434,,WR,Ja'Marr Chase,,185,90
53435,,WR,Jaylen Waddle,,154,81
53436,,T,Penei Sewell,,198,146
53437,,CB,Jaycee Horn,,185,90
53438,,CB,Patrick Surtain,,187,91
53439,,WR,DeVonta Smith,,185,74
53440,,QB,Justin Fields,,190,100
53441,,OLB,Micah Parsons,,190,110
53442,,T,Rashawn Slater,,190,137
53443,,G,Alijah Vera-Tucker,,193,139
53444,,QB,Mac Jones,,190,96
53445,,ILB,Zaven Collins,,193,117
53446,,T,Alex Leatherwood,,195,137
53447,,OLB,Jaelan Phillips,,195,119
53448,,MLB,Jamin Davis,,193,105
53449,,WR,Kadarius Toney,,182,86
53450,,DE,Kwity Paye,,190,119
53451,,CB,Caleb Farley,,187,93
53452,,T,Christian Darrisaw,,195,141
53453,,RB,Najee Harris,,187,103
53455,,CB,Greg Newsome,,185,84
53456,,WR,Rashod Bateman,,187,94
53457,,DE,Payton Turner,,198,121
53458,,CB,Eric Stokes,,185,85
53459,,DE,Gregory Rousseau,,200,113
53460,,OLB,Odafe Oweh,,195,113
53461,,OLB,Joe Tryon,,195,117
53462,,CB,Tyson Campbell,,187,83
53463,,WR,Elijah Moore,,175,82
53464,,RB,Javonte Williams,,154,99
53465,,FS,Jevon Holland,,185,88
53466,,G,Landon Dickerson,,198,146
53467,,DT,Christian Barmore,,195,139
53469,,SS,Richie Grant,,182,87
53470,,DE,Levi Onwuzurike,,190,131
53471,,T,Liam Eichenberg,,198,138
53472,,FS,Trevon Moehrig,,187,90
53473,,CB,Kelvin Joseph,,185,87
53475,,G,Jackson Carman,,195,155
53476,,CB,Asante Samuel,,154,81
53478,,WR,Rondale Moore,,175,81
53479,,OLB,Azeez Ojulari,,187,112
53480,,T,Samuel Cosmi,,195,132
53481,,OLB,Jeremiah Owusu-Koramoah,,185,96
53482,,T,Dillon Radunz,,198,134
53483,,DE,Dayo Odeyingbo,,198,126
53484,,TE,Pat Freiermuth,,195,116
53485,,WR,D'Wayne Eskridge,,175,85
53487,,ILB,Nick Bolton,,182,104
53488,,WR,Terrace Marshall,,193,90
53489,,OLB,Pete Werner,,190,108
53490,,DE,Carlos Basham,,193,122
53491,,C,Josh Myers,,195,140
53492,,C,Creed Humphrey,,195,142
53494,,SS,Andre Cisco,,182,91
53496,,QB,Davis Mills,,193,101
53497,,G,Jalen Mayfield,,195,144
53499,,T,Brady Christensen,,198,133
53500,,CB,Aaron Robinson,,182,86
53501,,NT,Alim McNeill,,187,141
53502,,DT,Milton Williams,,193,125
53503,,CB,Benjamin St-Juste,,190,92
53504,,DT,Osa Odighizuwa,,187,126
53505,,CB,Paulson Adebo,,182,86
53506,,WR,Josh Palmer,,187,94
53509,,OLB,Divine Deablo,,190,100
53510,,TE,Hunter Long,,195,113
53511,,WR,Dyami Brown,,185,83
53512,,TE,Tommy Tremble,,193,111
53513,,DE,Chauncey Golston,,195,121
53514,,WR,Amari Rodgers,,154,96
53516,,C,Kendrick Green,,190,139
53517,,RB,Trey Sermon,,185,96
53518,,WR,Nico Collins,,193,99
53520,,WR,Anthony Schwartz,,182,80
53521,,ILB,Monty Rice,,185,104
53522,,T,Spencer Brown,,205,144
53523,,G,Ben Cleveland,,200,154
53524,,T,Robert Hainsey,,195,132
53526,,TE,Tre' McKitty,,195,110
53527,,G,Quinn Meinerz,,190,144
53528,,CB,Nahshon Wright,,182,84
53529,,CB,Elijah Molden,,154,85
53530,,CB,Ifeatu Melifonwu,,190,95
53531,,CB,Ambry Thomas,,182,81
53532,,ILB,Ernest Jones,,187,103
53533,,FS,Brandon Stephens,,182,92
53534,,ILB,Baron Browning,,190,108
53535,,DT,Jay Tufele,,190,137
53536,,RB,Michael Carter,,154,90
53537,,CB,Darren Hall,,182,85
53539,,T,James Hudson,,195,139
53540,,DE,Cameron Sample,,190,126
53541,,WR,Amon-Ra St. Brown,,185,87
53542,,ILB,Derrick Barnes,,185,110
53543,,C,Drew Dalman,,190,135
53544,,MLB,Jabril Cox,,190,104
53546,,NT,Bobby Brown,,193,146
53547,,OLB,Chris Rumph,,193,105
53549,,RB,Rhamondre Stevenson,,182,110
53553,,TE,John Bates,,198,115
53554,,FS,Camryn Bynum,,185,87
53555,,RB,Chuba Hubbard,,185,93
53556,,TE,Kylen Granson,,190,105
53557,,T,Dan Moore,,195,141
53558,,WR,Jaelon Darden,,175,78
53559,,CB,Robert Rochell,,187,87
53560,,WR,Tylan Wallace,,182,85
53564,,OLB,Rashad Weaver,,195,121
53565,,CB,Marco Wilson,,154,85
53566,,DB,Tre Brown,,154,83
53570,,TE,Jacob Harris,,195,94
53571,,T,Royce Newman,,195,137
53572,,SS,Tyree Gillespie,,182,94
53573,,DE,Joshua Kaindoh,,200,119
53574,,TE,Luke Farrell,,198,116
53575,,ILB,Jamien Sherwood,,185,99
53576,,TE,Brevin Jordan,,190,110
53577,,DE,Ta'Quon Graham,,193,128
53579,,RB,Kenneth Gainwell,,154,85
53580,,T,Larry Borom,,198,149
53581,,FS,Caden Sterns,,185,92
53583,,CB,Michael Carter,,154,85
53584,,T,Jaylon Moore,,195,141
53585,,DE,Isaiahh Loudermilk,,200,131
53586,,WR,Ihmir Smith-Marsette,,185,80
53587,,DT,Daviyon Nixon,,190,137
53590,,T,Tommy Doyle,,203,141
53591,,TE,Noah Gray,,193,108
53595,,CB,Keith Taylor,,190,87
53596,,CB,Nate Hobbs,,182,87
53598,,FS,Richard LeCounte,,154,86
53599,,OLB,Garret Wallow,,187,103
53600,,OLB,Daelin Hayes,,190,116
53601,,CB,Deommodore Lenoir,,154,90
53602,,DT,Tedarrell Slaton,,195,153
53605,,ILB,K.J. Britt,,182,102
53607,,CB,Shemar Jean-Charles,,154,85
53609,,SS,Talanoa Hufanga,,185,96
53611,,OLB,Adetokunbo Ogundeji,,193,120
53612,,RB,Avery Williams,,175,87
53614,,ILB,Nick Niemann,,193,105
53615,,ILB,Hamsah Nasirildeen,,193,96
53618,,DT,Marlon Tuipulotu,,190,137
53619,,C,Trey Hill,,190,148
53620,,DE,Tarron Jackson,,187,117
53621,,DT,Quinton Bohanna,,195,159
53623,,RB,Elijah Mitchell,,154,99
53624,,DT,Roy Lopez,,187,143
53625,,RB,Gary Brightwell,,185,98
53627,,RB,Larry Rountree,,154,94
53629,,CB,Brandin Echols,,154,80
53630,,CB,Rodarius Williams,,182,85
53631,,RB,Chris Evans,,154,97
53633,,WR,Shi Smith,,154,85
53634,,WR,Racey McMath,,190,100
53635,,T,Landon Young,,200,137
53636,,DT,Jonathan Marshall,,190,142
53639,,OLB,Victor Dimukeje,,190,119
53640,,RB,Demetric Felton,,175,83
53641,,SS,Damar Hamlin,,185,87
53645,,OLB,Quincy Roche,,190,104
53646,,RB,Khalil Herbert,,175,95
53652,,CB,Tay Gowan,,187,83
53655,,G,Trey Smith,,198,146
53656,,SS,Israel Mukuamu,,193,92
53658,,WR,Mike Strachan,,195,92
53662,,RB,Jake Funk,,154,92
53663,,ILB,Patrick Johnson,,187,112
53668,,OLB,Jonathon Cooper,,193,115
53670,,FS,Mark Webb,,185,90
53674,,FS,Tre Norwood,,182,81
53675,,DE,Shaka Toney,,190,113
53678,,WR,Ben Skowronek,,190,99
53679,,NT,Khyiris Tonga,,193,153
53681,,LB,Chris Garrett,,193,110
53685,,RB,Kylin Hill,,154,96
53686,,RB,Jermar Jefferson,,154,94
53687,,WR,Dax Milne,,185,85
53688,,ILB,Grant Stuard,,185,101
53711,,CB,Isaiah Dunn,,182,86
53724,,TE,Matt Bushman,,193,105
53740,,DT,Josiah Bronson,,190,135
53819,,FS,Ar'Darius Washington,,172,80
53854,,CB,Nick McCloud,,185,85
53861,,G,Robert Jones,,195,148
53868,,T,Alaric Jackson,,198,141
53876,,DE,Raymond Johnson,,190,121
53896,,TE,Tory Carter,,182,109
53900,,DT,Naquan Jones,,193,153
53910,,OLB,Sam Kamara,,187,123
53921,,ILB,Amen Ogbongbemiga,,185,105
53930,,OLB,Andre Mintze,,190,112
53933,,ILB,Curtis Robinson,,190,108
53935,,DE,Darius Hodge,,187,110
53946,,TE,Jack Stoll,,193,117
53953,,CB,Jerry Jacobs,,154,89
53954,,G,Tommy Kraemer,,195,143
53957,,CB,A.J. Parker,,154,80
53959,,TE,Brock Wright,,193,114
53960,,RB,Jaret Patterson,,175,87
53978,,DT,Austin Faoliu,,190,132
53991,,DT,Forrest Merrill,,185,144
53994,,C,Ryan McCollum,,195,135
53999,,DT,Jack Heflin,,193,140
54006,,T,Jake Curhan,,198,148
54038,,QB,Feleipe Franks,,198,110
